Company Names,Battery Capacity_CC,HorsePower_hp,Total Speed_km/h,Acceleration_0_100_sec,Fuel Types,Seats,Torque_Nm,Cars Prices_USD
Ferrari,3990.0,690.5,330.0,2.5,Plug-in Hybrid,5,800.0,124332.5
Rolls Royce,5603.0,563.0,250.0,5.3,Petrol,5,900.0,124332.5
Ford,1200.0,77.5,165.0,10.5,Petrol,5,120.0,13500.0
Mercedes,3982.0,630.0,250.0,3.2,Petrol,5,900.0,124332.5
Audi,5204.0,602.0,320.0,3.6,Petrol,5,560.0,124332.5
BMW,3994.0,690.5,330.0,2.9,Petrol,5,770.0,124332.5
Aston Martin,3982.0,656.0,314.0,3.6,Petrol,5,685.0,124332.5
Bentley,3996.0,550.0,318.0,4.0,Petrol,5,900.0,124332.5
Lamborghini,5603.0,690.5,330.0,2.9,Petrol,5,690.0,124332.5
Ferrari,3900.0,690.5,330.0,2.9,Petrol,5,770.0,124332.5
Ferrari,5603.0,690.5,330.0,2.9,Petrol,5,718.0,124332.5
Ferrari,3900.0,592.0,320.0,3.2,Petrol,5,760.0,124332.5
Ferrari,3900.0,612.0,320.0,3.4,Petrol,5,760.0,124332.5
Ferrari,5603.0,690.5,330.0,2.9,Petrol,5,719.0,124332.5
Ferrari,3900.0,690.5,330.0,2.9,Petrol,5,770.0,124332.5
Ferrari,3900.0,612.0,320.0,3.2,Petrol,5,760.0,124332.5
Ferrari,3900.0,612.0,320.0,3.4,Petrol,5,760.0,124332.5
Toyota,2998.0,382.0,250.0,4.1,Petrol,5,500.0,53900.0
Toyota,1998.0,205.0,226.0,6.4,Petrol,5,205.0,27000.0
Toyota,2387.0,228.0,226.0,5.6,Petrol,5,250.0,30000.0
Toyota,5603.0,381.0,220.0,6.7,Diesel,5,500.0,85000.0
Toyota,5603.0,381.0,200.0,6.9,Petrol,5,651.0,50000.0
Nissan,3799.0,600.0,315.0,2.9,Petrol,5,637.0,113000.0
Nissan,3696.0,332.0,250.0,4.7,Petrol,5,366.0,30000.0
Nissan,2998.0,400.0,290.0,4.1,Petrol,5,475.0,40000.0
Nissan,2488.0,188.0,225.0,7.3,Petrol,5,380.0,25000.0
Nissan,3498.0,300.0,240.0,5.8,Petrol,5,354.0,35000.0
Nissan,1998.0,149.0,200.0,8.2,Petrol,5,240.0,20000.0
Nissan,2488.0,201.0,200.0,7.5,Petrol,5,270.0,28000.0
Nissan,3498.0,284.0,225.0,6.5,Petrol,5,351.0,35000.0
Nissan,3799.0,310.0,180.0,6.8,Petrol,5,381.0,30000.0
Nissan,5598.0,400.0,200.0,5.9,Petrol,5,560.0,40000.0
Aston Martin,5603.0,690.5,330.0,2.5,Hybrid,5,900.0,124332.5
Aston Martin,3996.0,690.5,330.0,2.5,Hybrid,5,930.0,124332.5
Aston Martin,5204.0,690.5,330.0,3.4,Petrol,5,900.0,124332.5
Aston Martin,5204.0,600.0,322.0,3.9,Petrol,5,700.0,124332.5
Aston Martin,3996.0,503.0,313.0,3.6,Petrol,5,685.0,124332.5
Aston Martin,3996.0,542.0,291.0,4.5,Petrol,5,700.0,124332.5
Aston Martin,5603.0,580.0,328.0,4.2,Petrol,5,630.0,124332.5
Aston Martin,5603.0,580.0,324.0,3.6,Petrol,5,630.0,124332.5
Aston Martin,5603.0,540.0,314.0,4.2,Petrol,5,630.0,124332.5
Aston Martin,5204.0,690.5,320.0,2.8,Petrol,5,821.0,124332.5
Lamborghini,5603.0,690.5,330.0,2.8,Hybrid,5,720.0,124332.5
Lamborghini,5603.0,690.5,330.0,2.8,Petrol,5,720.0,124332.5
Lamborghini,5204.0,640.0,325.0,2.9,Petrol,5,600.0,124332.5
Lamborghini,5204.0,640.0,325.0,2.9,Petrol,5,600.0,124332.5
Lamborghini,5603.0,690.5,330.0,2.8,Petrol,5,690.0,124332.5
Lamborghini,3996.0,641.0,305.0,3.6,Petrol,5,850.0,124332.5
Lamborghini,5204.0,610.0,325.0,3.4,Petrol,5,600.0,124332.5
Lamborghini,5603.0,690.5,330.0,3.0,Petrol,5,690.0,124332.5
Lamborghini,5204.0,640.0,325.0,3.1,Petrol,5,600.0,124332.5
Lamborghini,5603.0,690.5,330.0,2.9,Petrol,5,690.0,124332.5
Lamborghini,5204.0,640.0,325.0,3.1,Petrol,5,600.0,124332.5
Lamborghini,3996.0,641.0,305.0,3.3,Petrol,5,850.0,124332.5
Lamborghini,5603.0,690.5,330.0,2.8,Petrol,5,720.0,124332.5
Lamborghini,5204.0,610.0,325.0,3.3,Petrol,5,560.0,124332.5
Lamborghini,5603.0,690.5,330.0,2.9,Petrol,5,720.0,124332.5
Lamborghini,3996.0,671.0,305.0,3.3,Petrol,5,850.0,124332.5
Lamborghini,5204.0,640.0,325.0,3.0,Petrol,5,565.0,124332.5
Lamborghini,5603.0,690.5,330.0,2.8,Petrol,5,720.0,124332.5
Lamborghini,5204.0,610.0,325.0,3.3,Petrol,5,600.0,124332.5
Lamborghini,5603.0,690.5,330.0,2.9,Petrol,5,720.0,124332.5
Lamborghini,3998.0,641.0,305.0,3.3,Petrol,5,850.0,124332.5
Lamborghini,5204.0,640.0,325.0,3.0,Petrol,5,565.0,124332.5
Lamborghini,5603.0,690.5,330.0,2.8,Petrol,5,720.0,124332.5
Rolls Royce,5603.0,591.0,250.0,4.8,Petrol,5,850.0,124332.5
Rolls Royce,5603.0,624.0,250.0,4.4,Petrol,5,870.0,124332.5
Rolls Royce,5603.0,624.0,250.0,4.9,Petrol,5,870.0,124332.5
Rolls Royce,5603.0,563.0,250.0,5.2,Petrol,5,850.0,124332.5
Rolls Royce,5603.0,563.0,250.0,5.3,Petrol,5,900.0,124332.5
Rolls Royce,5603.0,591.0,250.0,4.8,Petrol,5,850.0,124332.5
Rolls Royce,5603.0,624.0,250.0,4.3,Petrol,5,870.0,124332.5
Rolls Royce,5603.0,624.0,250.0,4.8,Petrol,5,870.0,124332.5
Rolls Royce,5603.0,563.0,250.0,5.1,Petrol,5,850.0,124332.5
Rolls Royce,5603.0,563.0,250.0,5.3,Petrol,5,870.0,124332.5
Rolls Royce,5603.0,591.0,250.0,4.8,Petrol,5,850.0,124332.5
Rolls Royce,5603.0,624.0,250.0,4.4,Petrol,5,870.0,124332.5
Rolls Royce,5603.0,624.0,250.0,4.9,Petrol,5,870.0,124332.5
Rolls Royce,5603.0,563.0,250.0,5.2,Petrol,5,850.0,124332.5
Mercedes,3982.0,496.0,250.0,4.4,Petrol,5,700.0,116000.0
Mercedes,3982.0,603.0,250.0,3.4,Petrol,5,850.0,104000.0
Mercedes,1991.0,382.0,250.0,4.1,Petrol,5,500.0,53000.0
Mercedes,3982.0,603.0,250.0,4.2,Petrol,5,850.0,113000.0
Mercedes,2996.0,429.0,250.0,4.9,Petrol,5,700.0,109000.0
Mercedes,2996.0,362.0,250.0,5.2,Petrol,5,500.0,62000.0
Mercedes,2996.0,362.0,250.0,5.2,Petrol,5,500.0,70000.0
Mercedes,2996.0,429.0,250.0,4.5,Petrol,5,700.0,99000.0
Mercedes,2996.0,362.0,250.0,5.5,Petrol,5,500.0,63000.0
Mercedes,1991.0,416.0,250.0,3.9,Petrol,5,500.0,53000.0
Mercedes,2996.0,402.0,250.0,4.7,Petrol,5,520.0,52000.0
Mercedes,1991.0,255.0,250.0,5.7,Petrol,5,500.0,49000.0
Mercedes,1991.0,255.0,250.0,6.1,Petrol,5,500.0,53000.0
Mercedes,2996.0,402.0,250.0,4.7,Petrol,5,520.0,54000.0
Mercedes,1991.0,382.0,250.0,4.3,Petrol,5,500.0,48000.0
Mercedes,1991.0,255.0,250.0,6.1,Petrol,5,500.0,46000.0
Mercedes,2996.0,429.0,250.0,5.2,Petrol,5,620.0,71000.0
Mercedes,1991.0,255.0,250.0,6.5,Petrol,5,500.0,90000.0
Mercedes,2813.6,690.5,250.0,3.4,Electric,5,930.0,102000.0
Mercedes,5603.0,630.0,250.0,4.7,Petrol,5,930.0,124332.5
BMW,4395.0,627.0,305.0,3.0,Petrol,5,750.0,124332.5
BMW,2993.0,493.0,305.0,3.7,Petrol,5,600.0,124332.5
BMW,2993.0,503.0,285.0,3.5,Petrol,5,650.0,76000.0
BMW,2993.0,444.0,280.0,4.0,Petrol,5,550.0,83000.0
BMW,4935.0,523.0,285.0,4.1,Petrol,5,750.0,114000.0
BMW,2993.0,503.0,285.0,4.1,Petrol,5,650.0,69000.0
BMW,4395.0,523.0,305.0,3.3,Petrol,5,750.0,124332.5
BMW,4935.0,523.0,285.0,3.7,Petrol,5,750.0,108000.0
Rolls Royce,5603.0,563.0,250.0,4.8,Petrol,5,840.0,124332.5
Rolls Royce,5603.0,563.0,250.0,5.1,Petrol,5,850.0,124332.5
Rolls Royce,5603.0,563.0,250.0,5.3,Petrol,5,900.0,124332.5
Rolls Royce,5603.0,563.0,250.0,4.9,Petrol,5,900.0,124332.5
Rolls Royce,5603.0,623.0,250.0,4.5,Petrol,5,800.0,124332.5
Rolls Royce,5603.0,563.0,250.0,5.3,Petrol,5,900.0,124332.5
Rolls Royce,5603.0,563.0,250.0,4.9,Petrol,5,900.0,124332.5
Rolls Royce,5603.0,623.0,250.0,4.5,Petrol,5,800.0,124332.5
Rolls Royce,5603.0,563.0,250.0,4.8,Petrol,5,840.0,124332.5
Rolls Royce,5603.0,563.0,250.0,5.1,Petrol,5,850.0,124332.5
Rolls Royce,5603.0,563.0,250.0,5.3,Petrol,5,900.0,124332.5
Rolls Royce,5603.0,563.0,250.0,4.9,Petrol,5,900.0,124332.5
Rolls Royce,5603.0,623.0,250.0,4.5,Petrol,5,800.0,124332.5
Rolls Royce,5603.0,563.0,250.0,4.8,Petrol,5,840.0,124332.5
Rolls Royce,5603.0,563.0,250.0,5.1,Petrol,5,850.0,124332.5
Audi,5204.0,610.0,330.0,3.2,Petrol,5,560.0,124332.5
Audi,3993.0,591.0,305.0,3.6,Petrol,5,800.0,114000.0
Audi,3993.0,563.0,305.0,4.3,Petrol,5,800.0,101000.0
Audi,3993.0,591.0,305.0,3.6,Petrol,5,800.0,109000.0
Audi,3993.0,563.0,305.0,4.3,Petrol,5,650.0,96000.0
Audi,2995.0,335.0,250.0,5.7,Petrol,5,600.0,86000.0
Audi,2995.0,349.0,250.0,4.8,Petrol,5,500.0,64000.0
Audi,2995.0,349.0,250.0,5.4,Petrol,5,500.0,62000.0
Audi,2995.0,349.0,250.0,4.7,Petrol,5,500.0,59000.0
Audi,1984.0,306.0,250.0,4.8,Petrol,5,400.0,52000.0
Audi,2995.0,335.0,250.0,6.3,Petrol,5,600.0,60000.0
Audi,1984.0,248.0,240.0,6.3,Petrol,5,500.0,43000.0
Audi,2995.0,335.0,250.0,5.7,Petrol,5,600.0,68000.0
Audi,2995.0,335.0,250.0,5.7,Petrol,5,600.0,58000.0
Audi,1984.0,248.0,240.0,6.3,Petrol,5,500.0,45000.0
Audi,1984.0,248.0,240.0,6.5,Petrol,5,400.0,39000.0
Audi,1984.0,248.0,230.0,7.3,Petrol,5,400.0,35000.0
Audi,2813.6,402.0,200.0,5.5,Electric,5,664.0,75000.0
Audi,2813.6,402.0,200.0,5.5,Electric,5,664.0,78000.0
Audi,1984.0,248.0,250.0,5.3,Petrol,5,400.0,49000.0
BMW,2813.6,369.0,250.0,4.4,Hybrid,5,570.0,124332.5
BMW,1998.0,255.0,250.0,5.6,Petrol,5,400.0,45000.0
BMW,2998.0,382.0,250.0,4.1,Petrol,5,500.0,57000.0
BMW,1998.0,255.0,250.0,5.8,Petrol,5,400.0,48000.0
BMW,2993.0,503.0,290.0,3.8,Petrol,5,650.0,81000.0
BMW,1998.0,248.0,250.0,5.9,Petrol,5,400.0,57000.0
BMW,4395.0,523.0,250.0,3.6,Petrol,5,650.0,78000.0
BMW,1499.0,136.0,213.0,8.5,Petrol,5,220.0,32000.0
BMW,1998.0,261.0,250.0,6.1,Petrol,5,400.0,42000.0
BMW,1998.0,302.0,250.0,4.8,Petrol,5,450.0,30000.0
BMW,1496.0,116.0,200.0,10.3,Diesel,5,280.0,30000.0
BMW,1995.0,190.0,230.0,6.9,Diesel,5,400.0,38000.0
BMW,1499.0,109.0,200.0,10.9,Petrol,5,200.0,28000.0
BMW,1995.0,150.0,216.0,8.4,Diesel,5,380.0,34000.0
BMW,1998.0,178.0,230.0,7.1,Petrol,5,300.0,37000.0
BMW,1998.0,224.0,240.0,6.1,Petrol,5,400.0,42000.0
BMW,1496.0,95.0,185.0,12.2,Diesel,5,270.0,27000.0
BMW,1598.0,102.0,195.0,11.2,Petrol,5,200.0,26000.0
BMW,1995.0,224.0,240.0,6.3,Diesel,5,400.0,44000.0
BMW,1499.0,136.0,211.0,8.9,Petrol,5,250.0,34000.0
BMW,1496.0,116.0,200.0,10.9,Diesel,5,270.0,30000.0
BMW,1499.0,136.0,213.0,8.5,Petrol,5,250.0,35000.0
BMW,1499.0,136.0,213.0,8.5,Petrol,5,250.0,37000.0
BMW,1998.0,178.0,230.0,7.1,Petrol,5,300.0,39000.0
BMW,1598.0,109.0,195.0,10.9,Petrol,5,200.0,29000.0
BMW,1496.0,116.0,200.0,10.5,Diesel,5,270.0,31000.0
BMW,1995.0,163.0,225.0,7.7,Diesel,5,400.0,39000.0
BMW,1499.0,136.0,213.0,8.5,Petrol,5,250.0,36000.0
BMW,1995.0,150.0,216.0,8.4,Diesel,5,380.0,36000.0
BMW,1998.0,178.0,230.0,7.2,Petrol,5,300.0,40000.0
BMW,1496.0,95.0,185.0,12.2,Diesel,5,270.0,28000.0
BMW,1499.0,136.0,213.0,8.5,Petrol,5,250.0,35000.0
Volvo,1969.0,247.0,200.0,6.5,Petrol,5,400.0,60000.0
Volvo,1969.0,247.0,200.0,6.5,Diesel,5,400.0,60000.0
Volvo,1969.0,247.0,220.0,6.4,Petrol,5,400.0,55000.0
Volvo,1969.0,247.0,220.0,6.4,Diesel,5,400.0,55000.0
Volvo,1969.0,295.0,250.0,5.9,Petrol,5,400.0,60000.0
Volvo,1969.0,295.0,250.0,5.9,Diesel,5,400.0,60000.0
KIA,2480.0,187.0,200.0,8.0,Petrol,5,250.0,27000.0
KIA,2480.0,187.0,200.0,8.0,Petrol,5,250.0,30000.0
KIA,2480.0,187.0,200.0,8.0,Petrol,5,350.0,32000.0
KIA,1998.0,240.0,210.0,6.7,Petrol,5,400.0,36000.0
KIA,2480.0,187.0,200.0,8.0,Petrol,5,350.0,33000.0
Honda,1996.0,315.0,272.0,5.7,Petrol,5,400.0,44000.0
KIA,1600.0,261.0,180.0,8.0,Plug-in Hybrid,5,350.0,41000.0
KIA,2813.6,261.0,180.0,8.0,Plug-in Hybrid,5,350.0,41000.0
KIA,2480.0,187.0,200.0,8.0,Petrol,5,250.0,26000.0
KIA,1998.0,240.0,210.0,6.7,Petrol,5,400.0,38000.0
KIA,2480.0,187.0,200.0,8.3,Petrol,5,250.0,29000.0
KIA,2480.0,187.0,200.0,8.3,,5,250.0,29000.0
KIA,2480.0,187.0,200.0,8.0,Petrol,5,350.0,32500.0
KIA,2480.0,187.0,200.0,8.2,Petrol,5,250.0,28000.0
Honda,1498.0,192.0,201.0,7.1,Petrol,5,370.0,29400.0
KIA,1600.0,227.0,180.0,8.0,Hybrid,5,350.0,37000.0
KIA,2813.6,227.0,180.0,8.0,Hybrid,5,350.0,37000.0
KIA,1598.0,261.0,180.0,7.9,Plug-in Hybrid,5,350.0,42000.0
KIA,2813.6,261.0,180.0,7.9,Plug-in Hybrid,5,350.0,42000.0
KIA,2480.0,187.0,200.0,8.1,Petrol,5,400.0,36000.0
KIA,2480.0,187.0,200.0,8.1,Petrol,5,400.0,38000.0
KIA,1998.0,240.0,210.0,6.5,Petrol,5,400.0,40000.0
KIA,1998.0,240.0,210.0,6.5,,5,400.0,40000.0
KIA,2480.0,187.0,200.0,8.5,Petrol,5,250.0,26500.0
Honda,1498.0,190.0,186.0,8.2,Petrol,5,400.0,30000.0
Honda,1498.0,190.0,186.0,8.2,Hybrid,5,400.0,30000.0
Honda,3471.0,285.0,209.0,6.3,Petrol,5,360.0,40000.0
Honda,1498.0,180.0,220.0,6.8,Petrol,5,300.0,26350.0
Toyota,3500.0,301.0,220.0,6.0,Petrol,5,250.0,27000.0
Toyota,3500.0,301.0,220.0,6.0,Hybrid,5,250.0,27000.0
Toyota,1798.0,139.0,180.0,9.4,Petrol,5,200.0,22500.0
Toyota,1798.0,139.0,180.0,9.4,Hybrid,5,200.0,22500.0
Toyota,1798.0,121.0,180.0,10.5,Hybrid,5,142.0,26700.0
Toyota,2494.0,203.0,200.0,8.1,Petrol,5,400.0,27100.0
Toyota,2494.0,203.0,200.0,8.1,Hybrid,5,400.0,27100.0
Toyota,3456.0,295.0,220.0,7.2,Petrol,5,370.0,38400.0
Toyota,3456.0,295.0,220.0,7.2,Hybrid,5,370.0,38400.0
Toyota,3956.0,270.0,200.0,7.5,Petrol,5,400.0,37400.0
Toyota,2694.0,159.0,180.0,9.5,Petrol,5,400.0,26400.0
Toyota,5603.0,381.0,220.0,6.7,Petrol,5,650.0,39900.0
Toyota,3456.0,301.0,220.0,6.9,Petrol,5,400.0,41400.0
Toyota,1798.0,151.0,180.0,9.2,Hydrogen,5,335.0,52400.0
Toyota,2494.0,245.0,190.0,8.0,Petrol,5,360.0,44150.0
Toyota,2494.0,245.0,190.0,8.0,Hybrid,5,360.0,44150.0
Toyota,2494.0,219.0,200.0,7.5,Hybrid,5,400.0,33400.0
Toyota,3456.0,240.0,220.0,8.2,Hybrid,5,350.0,40400.0
Toyota,3956.0,282.0,200.0,7.2,Petrol,5,450.0,49400.0
Toyota,3956.0,282.0,200.0,7.2,Diesel,5,450.0,49400.0
Toyota,3456.0,344.0,220.0,6.2,Hybrid,5,650.0,43400.0
Toyota,1496.0,106.0,180.0,11.2,Petrol,5,150.0,18400.0
Toyota,1986.0,144.0,200.0,10.2,Petrol,5,250.0,24400.0
Toyota,1986.0,144.0,200.0,10.2,Hybrid,5,250.0,24400.0
Toyota,2813.6,218.0,200.0,7.5,Electric,5,330.0,43400.0
Toyota,2494.0,236.0,200.0,7.6,Hybrid,5,400.0,38400.0
Toyota,1986.0,168.0,200.0,6.9,Petrol,5,400.0,29000.0
Toyota,1986.0,140.0,200.0,8.5,Petrol,5,250.0,25000.0
Honda,1497.0,119.0,180.0,10.2,Petrol,5,145.0,15400.0
Honda,1497.0,119.0,180.0,10.2,Hybrid,5,145.0,15400.0
Honda,1996.0,158.0,200.0,8.5,Petrol,5,400.0,20400.0
Hyundai,1197.0,87.0,160.0,12.2,Petrol,5,120.0,12400.0
Hyundai,1396.0,99.0,180.0,10.5,Petrol,5,250.0,15400.0
Hyundai,1396.0,99.0,180.0,10.5,Hybrid,5,250.0,15400.0
Hyundai,1999.0,147.0,200.0,9.5,Petrol,5,250.0,18400.0
Hyundai,1999.0,147.0,200.0,9.5,Hybrid,5,250.0,18400.0
Mahindra,2179.0,155.0,180.0,10.5,Diesel,5,400.0,18400.0
Mahindra,2179.0,140.0,160.0,11.2,Diesel,5,280.0,16400.0
Mahindra,1997.0,150.0,180.0,10.5,Petrol,5,320.0,20400.0
Mahindra,1997.0,150.0,180.0,10.5,Diesel,5,320.0,20400.0
Maruti Suzuki,1197.0,83.0,160.0,12.2,Petrol,5,113.0,10400.0
Maruti Suzuki,1197.0,83.0,160.0,12.2,Petrol,5,113.0,11400.0
Maruti Suzuki,1197.0,83.0,160.0,12.2,Diesel,5,113.0,11400.0
Maruti Suzuki,1462.0,103.0,180.0,11.5,Petrol,5,200.0,14400.0
Toyota,1998.0,220.0,180.0,6.7,Plug-in Hybrid,5,220.0,31100.0
Toyota,1618.0,300.0,230.0,5.0,Petrol,5,370.0,36995.0
Toyota,3346.0,305.0,210.0,6.8,Petrol,5,650.0,58500.0
Toyota,3346.0,305.0,210.0,6.8,Diesel,5,650.0,58500.0
Toyota,3445.0,437.0,180.0,6.2,Hybrid,5,750.0,56000.0
Toyota,1987.0,169.0,190.0,8.2,Petrol,5,250.0,25390.0
Toyota,2813.6,152.0,180.0,9.0,Hydrogen,5,335.0,49500.0
Toyota,2755.0,224.0,170.0,10.0,Petrol,5,500.0,50000.0
Toyota,2755.0,224.0,170.0,10.0,Diesel,5,500.0,50000.0
Toyota,2494.0,296.0,180.0,8.5,Petrol,5,400.0,60000.0
Toyota,2755.0,204.0,175.0,10.5,Diesel,5,500.0,55000.0
Toyota,2755.0,204.0,175.0,10.5,Petrol,5,500.0,55000.0
Toyota,1987.0,184.0,165.0,9.5,Hybrid,5,250.0,40000.0
Toyota,4009.0,134.0,120.0,7.9,Diesel,5,500.0,70000.0
Toyota,1490.0,114.0,170.0,11.0,Petrol,5,130.0,25000.0
Toyota,998.0,71.0,160.0,14.8,Petrol,5,93.0,18000.0
Toyota,2755.0,204.0,175.0,10.0,Diesel,5,500.0,50000.0
Toyota,2813.6,136.0,130.0,13.5,Electric,5,280.0,55000.0
Toyota,3456.0,406.0,200.0,6.0,Petrol,5,500.0,124332.5
Toyota,1798.0,134.0,180.0,10.0,Hybrid,5,300.0,24000.0
Toyota,2813.6,241.0,160.0,7.5,Electric,5,340.0,35000.0
Toyota,1618.0,268.0,230.0,5.5,Petrol,5,390.0,45000.0
Hyundai,1600.0,253.0,180.0,9.3,Petrol,5,420.0,50000.0
Hyundai,1600.0,253.0,180.0,9.3,Hybrid,5,420.0,50000.0
Hyundai,2813.6,225.0,185.0,7.4,Electric,5,350.0,41000.0
Hyundai,2500.0,281.0,215.0,6.5,Petrol,5,400.0,40799.0
Hyundai,1591.0,147.0,185.0,10.0,Petrol,5,400.0,20500.0
Hyundai,1591.0,147.0,185.0,10.0,Electric,5,400.0,20500.0
Hyundai,2000.0,147.0,210.0,8.3,Petrol,5,250.0,19950.0
Hyundai,2000.0,148.0,210.0,8.3,Hybrid,5,250.0,19950.0
Nissan,2000.0,690.5,140.0,14.0,Diesel,5,356.0,28000.0
Hyundai,2813.6,320.0,185.0,5.2,Electric,5,350.0,41450.0
Hyundai,2813.6,320.0,185.0,5.2,Electric,5,350.0,41450.0
Hyundai,2500.0,187.0,180.0,6.1,Petrol,5,400.0,30500.0
Hyundai,2500.0,187.0,180.0,6.1,Hybrid,5,400.0,30500.0
Hyundai,3800.0,291.0,240.0,6.3,Petrol,5,355.0,52000.0
Hyundai,2500.0,191.0,240.0,8.0,Petrol,5,250.0,25000.0
Hyundai,2500.0,191.0,240.0,8.0,Hybrid,5,250.0,25000.0
Hyundai,1600.0,120.0,180.0,9.8,Petrol,5,151.0,15000.0
Hyundai,1600.0,121.0,180.0,9.5,Petrol,5,240.0,18000.0
Hyundai,2813.6,200.0,200.0,6.1,Electric,5,395.0,40000.0
Hyundai,2000.0,275.0,220.0,6.0,Petrol,5,264.0,25000.0
Hyundai,2813.6,161.0,180.0,7.8,Hydrogen,5,400.0,38000.0
Hyundai,1600.0,139.0,160.0,8.5,Hybrid,5,295.0,18000.0
Hyundai,1600.0,139.0,160.0,8.5,Electric,5,295.0,18000.0
Hyundai,3800.0,291.0,240.0,6.3,Petrol,5,400.0,52000.0
Hyundai,3300.0,278.0,240.0,6.5,Petrol,5,250.0,55000.0
Hyundai,3300.0,278.0,240.0,6.5,Petrol,5,400.0,55000.0
Hyundai,2000.0,160.0,200.0,8.2,Petrol,5,320.0,19000.0
Hyundai,2000.0,160.0,200.0,8.3,Petrol,5,320.0,22000.0
Volkswagen,1498.0,215.0,210.0,8.5,Petrol,5,250.0,23000.0
Volkswagen,1498.0,215.0,210.0,8.5,Petrol,5,250.0,23000.0
Volkswagen,2813.6,215.0,210.0,8.5,Petrol,5,250.0,23000.0
Volkswagen,2813.6,215.0,210.0,8.5,Petrol,5,250.0,23000.0
Volkswagen,1984.0,215.0,210.0,7.8,Petrol,5,250.0,25000.0
Volkswagen,1984.0,190.0,209.0,8.5,Petrol,5,300.0,28505.0
Volkswagen,1984.0,190.0,209.0,8.5,Hybrid,5,300.0,28505.0
Volkswagen,1498.0,189.0,210.0,7.7,Petrol,5,250.0,21995.0
Volkswagen,999.0,140.0,190.0,9.5,Petrol,5,175.0,18000.0
Volkswagen,999.0,140.0,190.0,9.5,Petrol,5,175.0,18000.0
Volkswagen,1598.0,140.0,190.0,9.5,Petrol,5,175.0,18000.0
Volkswagen,1598.0,140.0,190.0,9.5,Petrol,5,175.0,18000.0
Volkswagen,1984.0,215.0,250.0,5.6,Petrol,5,350.0,46000.0
Volkswagen,2813.6,251.5,160.0,7.8,Electric,5,310.0,39735.0
Volkswagen,2813.6,82.0,160.0,13.0,Petrol,5,95.0,15000.0
Volkswagen,2967.0,365.5,235.0,5.9,Petrol,5,600.0,55000.0
Volkswagen,2967.0,365.5,235.0,5.9,Petrol,5,600.0,55000.0
Volkswagen,2967.0,365.5,235.0,5.9,Diesel,5,600.0,55000.0
Volkswagen,2967.0,365.5,235.0,5.9,Diesel,5,600.0,55000.0
Volkswagen,3956.0,365.5,235.0,5.9,Petrol,5,600.0,55000.0
Volkswagen,3956.0,365.5,235.0,5.9,Petrol,5,600.0,55000.0
Volkswagen,3956.0,365.5,235.0,5.9,Diesel,5,600.0,55000.0
Volkswagen,3956.0,365.5,235.0,5.9,Diesel,5,600.0,55000.0
Volkswagen,1984.0,202.5,233.0,6.0,Petrol,5,350.0,35000.0
Volkswagen,1984.0,157.5,205.0,7.0,Petrol,5,240.0,20000.0
Volkswagen,2967.0,210.5,180.0,7.9,Diesel,5,550.0,40000.0
Volkswagen,1984.0,207.5,205.0,7.2,Petrol,5,320.0,30000.0
Volkswagen,1984.0,185.0,200.0,9.3,Petrol,5,280.0,33000.0
Volkswagen,1984.0,185.0,200.0,9.3,Diesel,5,280.0,33000.0
Volkswagen,1498.0,126.0,185.0,10.5,Petrol,5,250.0,28000.0
Volkswagen,1496.0,126.0,185.0,10.5,Diesel,5,250.0,28000.0
Nissan,3954.0,261.0,160.0,9.5,Petrol,5,385.0,33000.0
Volkswagen,1498.0,122.5,183.0,10.0,Petrol,5,200.0,24000.0
Volkswagen,1984.0,177.0,180.0,13.0,Diesel,5,340.0,70000.0
Volkswagen,2813.6,204.0,160.0,7.3,Electric,5,310.0,35000.0
Volkswagen,2813.6,204.0,145.0,10.2,Electric,5,310.0,59995.0
Volkswagen,1984.0,245.0,250.0,5.9,Petrol,5,350.0,31965.0
Volkswagen,1984.0,315.0,250.0,4.6,Petrol,5,420.0,44640.0
Volkswagen,1968.0,215.0,220.0,7.8,Diesel,5,400.0,36000.0
Volkswagen,1984.0,204.0,238.0,6.7,Petrol,5,320.0,28000.0
Volkswagen,999.0,115.0,196.0,8.8,Petrol,5,200.0,20000.0
Volkswagen,999.0,122.5,200.0,10.2,Petrol,5,250.0,25000.0
Volkswagen,999.0,122.5,200.0,10.2,Petrol,5,250.0,25000.0
Volkswagen,1498.0,122.5,200.0,10.2,Petrol,5,250.0,25000.0
Volkswagen,1498.0,122.5,200.0,10.2,Petrol,5,250.0,25000.0
Volkswagen,2813.6,236.5,180.0,8.4,Electric,5,310.0,45000.0
Volkswagen,2813.6,204.0,145.0,10.2,Electric,5,310.0,55000.0
Volkswagen,2995.0,462.0,250.0,5.1,Hybrid,5,700.0,70000.0
Volkswagen,1395.0,184.0,190.0,9.4,Petrol,5,350.0,50000.0
Volkswagen,1395.0,184.0,190.0,9.4,Petrol,5,350.0,50000.0
Volkswagen,1395.0,184.0,190.0,9.4,Hybrid,5,350.0,50000.0
Volkswagen,1395.0,184.0,190.0,9.4,Hybrid,5,350.0,50000.0
Volkswagen,1968.0,184.0,190.0,9.4,Petrol,5,350.0,50000.0
Volkswagen,1968.0,184.0,190.0,9.4,Petrol,5,350.0,50000.0
Volkswagen,1968.0,184.0,190.0,9.4,Hybrid,5,350.0,50000.0
Volkswagen,1968.0,184.0,190.0,9.4,Hybrid,5,350.0,50000.0
Volkswagen,1199.0,85.0,190.0,10.5,Diesel,5,250.0,22000.0
Volkswagen,1498.0,140.0,210.0,8.9,Petrol,5,250.0,30000.0
Volkswagen,1968.0,173.5,210.0,7.1,Petrol,5,350.0,35000.0
Volkswagen,1984.0,280.0,250.0,5.5,Petrol,5,350.0,40000.0
Volkswagen,1984.0,207.0,215.0,7.6,Petrol,5,320.0,35000.0
Volkswagen,1984.0,255.0,250.0,5.6,Petrol,5,350.0,48000.0
Volkswagen,2813.6,299.0,180.0,6.2,Electric,5,460.0,50000.0
Volkswagen,2813.6,204.0,160.0,7.3,Electric,5,310.0,35000.0
Volkswagen,1498.0,140.0,220.0,7.5,Petrol,5,320.0,32000.0
Volkswagen,1498.0,140.0,220.0,7.5,Petrol,5,320.0,32000.0
Volkswagen,1968.0,140.0,220.0,7.5,Petrol,5,320.0,32000.0
Volkswagen,1968.0,140.0,220.0,7.5,Petrol,5,320.0,32000.0
Volkswagen,1968.0,139.5,160.0,13.0,Diesel,5,410.0,40000.0
Volkswagen,1390.0,67.5,170.0,14.3,Petrol,5,120.0,15000.0
Volkswagen,1390.0,67.5,170.0,14.3,Petrol,5,120.0,15000.0
Volkswagen,1199.0,67.5,170.0,14.3,Petrol,5,120.0,15000.0
Volkswagen,1199.0,67.5,170.0,14.3,Petrol,5,120.0,15000.0
Volkswagen,2861.0,190.0,235.0,6.4,Petrol,5,245.0,25000.0
Volkswagen,2967.0,345.0,250.0,6.1,Petrol,5,560.0,85000.0
Volkswagen,2967.0,345.0,250.0,6.1,Petrol,5,560.0,85000.0
Volkswagen,5603.0,345.0,250.0,6.1,Petrol,5,560.0,85000.0
Volkswagen,5603.0,345.0,250.0,6.1,Petrol,5,560.0,85000.0
Volkswagen,1197.0,157.5,217.0,8.4,Petrol,5,200.0,30000.0
Volkswagen,1197.0,157.5,217.0,8.4,Petrol,5,200.0,30000.0
Volkswagen,1984.0,157.5,217.0,8.4,Petrol,5,200.0,30000.0
Volkswagen,1984.0,157.5,217.0,8.4,Petrol,5,200.0,30000.0
Volkswagen,1498.0,110.0,190.0,12.9,Petrol,5,145.0,15000.0
Volkswagen,1390.0,95.0,170.0,10.8,Petrol,5,132.0,14000.0
Volkswagen,1390.0,95.0,170.0,10.8,Petrol,5,132.0,14000.0
Volkswagen,1598.0,95.0,170.0,10.8,Petrol,5,132.0,14000.0
Volkswagen,1598.0,95.0,170.0,10.8,Petrol,5,132.0,14000.0
Volkswagen,1192.0,47.0,138.0,16.2,Petrol,5,106.0,25000.0
Volkswagen,1198.0,65.0,148.0,16.2,Petrol,5,93.0,12000.0
Volkswagen,1198.0,65.0,148.0,16.2,Petrol,5,92.0,12000.0
Volkswagen,1390.0,65.0,148.0,16.2,Petrol,5,93.0,12000.0
Volkswagen,1390.0,65.0,148.0,16.2,Petrol,5,93.0,12000.0
Volkswagen,1598.0,107.5,186.0,11.7,Petrol,5,153.0,18000.0
Volkswagen,1598.0,107.5,186.0,11.7,Petrol,5,153.0,18000.0
Volkswagen,2813.6,136.0,140.0,10.4,Electric,5,290.0,33000.0
Volkswagen,1598.0,125.0,200.0,9.4,Petrol,5,220.0,20000.0
Volkswagen,1598.0,125.0,200.0,9.4,Petrol,5,220.0,20000.0
Volkswagen,1896.0,125.0,200.0,9.4,Petrol,5,220.0,20000.0
Volkswagen,1896.0,125.0,200.0,9.4,Petrol,5,220.0,20000.0
Volkswagen,1984.0,255.5,190.0,8.6,Petrol,5,350.0,32000.0
Volkswagen,1984.0,255.5,190.0,8.6,Petrol,5,350.0,32000.0
Volkswagen,3597.0,255.5,190.0,8.6,Petrol,5,350.0,32000.0
Volkswagen,3597.0,255.5,190.0,8.6,Petrol,5,350.0,32000.0
Volkswagen,1498.0,158.0,193.0,8.4,Petrol,5,250.0,24000.0
Volkswagen,999.0,98.5,160.0,12.4,Petrol,5,95.0,18000.0
Volkswagen,999.0,132.5,205.0,9.6,Petrol,5,250.0,35000.0
Volkswagen,999.0,132.5,205.0,9.6,Petrol,5,250.0,35000.0
Volkswagen,1498.0,132.5,205.0,9.6,Petrol,5,250.0,35000.0
Volkswagen,1498.0,132.5,205.0,9.6,Petrol,5,250.0,35000.0
Volkswagen,1984.0,240.0,240.0,7.3,Petrol,5,280.0,40000.0
Volkswagen,1968.0,153.0,180.0,12.2,Diesel,5,340.0,35000.0
Volkswagen,2967.0,231.0,191.0,7.9,Diesel,5,580.0,45000.0
Volkswagen,2813.6,170.0,160.0,8.0,Electric,5,220.0,25000.0
Volkswagen,1390.0,90.0,190.0,9.9,Diesel,5,250.0,20000.0
Volkswagen,1390.0,90.0,190.0,9.9,Diesel,5,250.0,20000.0
Volkswagen,1598.0,90.0,190.0,9.9,Diesel,5,250.0,20000.0
Volkswagen,1598.0,90.0,190.0,9.9,Diesel,5,250.0,20000.0
Volkswagen,1395.0,204.0,222.0,7.6,Hybrid,5,350.0,40000.0
Volkswagen,3956.0,421.0,250.0,4.9,Petrol,5,770.0,70000.0
Volkswagen,1395.0,150.0,200.0,7.5,Petrol,5,250.0,30000.0
Volkswagen,1498.0,215.0,210.0,8.7,Petrol,5,250.0,28000.0
Volkswagen,1498.0,215.0,210.0,8.7,Petrol,5,250.0,28000.0
Volkswagen,1968.0,215.0,210.0,8.7,Petrol,5,250.0,28000.0
Volkswagen,1968.0,215.0,210.0,8.7,Petrol,5,250.0,28000.0
Volkswagen,2813.6,201.0,180.0,7.8,Electric,5,310.0,45000.0
Volkswagen,1984.0,157.5,217.0,8.4,Petrol,5,200.0,30000.0
Volkswagen,1984.0,157.5,210.0,8.4,Petrol,5,200.0,30000.0
Volkswagen,1781.0,98.0,165.0,12.0,Petrol,5,170.0,25000.0
Volkswagen,1984.0,228.0,250.0,6.5,Petrol,5,350.0,31000.0
Volkswagen,1984.0,235.0,250.0,5.6,Petrol,5,420.0,50000.0
Volkswagen,999.0,132.5,200.0,8.5,Petrol,5,250.0,27000.0
Volkswagen,999.0,132.5,200.0,8.5,Petrol,5,250.0,27000.0
Volkswagen,1498.0,132.5,200.0,8.5,Petrol,5,250.0,27000.0
Volkswagen,1498.0,132.5,200.0,8.5,Petrol,5,250.0,27000.0
Volkswagen,3189.0,240.0,250.0,6.2,Petrol,5,320.0,40000.0
Volkswagen,1598.0,180.0,220.0,8.5,Petrol,5,280.0,26000.0
Volkswagen,1598.0,180.0,220.0,8.5,Petrol,5,280.0,26000.0
Volkswagen,1984.0,180.0,220.0,8.5,Petrol,5,280.0,26000.0
Volkswagen,1984.0,180.0,220.0,8.5,Petrol,5,280.0,26000.0
Volkswagen,1781.0,137.0,220.0,7.1,Petrol,5,230.0,35000.0
Volkswagen,1199.0,85.0,190.0,10.5,Diesel,5,210.0,20000.0
Volkswagen,1968.0,184.0,230.0,7.5,Diesel,5,380.0,38000.0
Volkswagen,1598.0,272.0,200.0,4.1,Petrol,5,400.0,45000.0
Volkswagen,2813.6,204.0,145.0,10.2,Electric,5,310.0,60000.0
Volkswagen,1395.0,170.0,210.0,8.6,Hybrid,5,250.0,28000.0
Volkswagen,1968.0,175.0,220.0,7.8,Petrol,5,320.0,35000.0
Volkswagen,800.0,68.0,160.0,11.9,Hybrid,5,140.0,124332.5
Volkswagen,1968.0,167.0,220.0,8.0,Diesel,5,350.0,28000.0
Volkswagen,1498.0,195.0,220.0,8.5,Petrol,5,280.0,30000.0
Volkswagen,1498.0,195.0,220.0,8.5,Petrol,5,280.0,30000.0
Volkswagen,1968.0,195.0,220.0,8.5,Petrol,5,280.0,30000.0
Volkswagen,1968.0,195.0,220.0,8.5,Petrol,5,280.0,30000.0
Volkswagen,1984.0,300.0,240.0,6.7,Petrol,5,320.0,30000.0
Volkswagen,2813.6,299.0,180.0,6.2,Electric,5,310.0,45000.0
Volkswagen,1984.0,235.0,250.0,5.6,Petrol,5,420.0,50000.0
Volkswagen,1498.0,130.0,220.0,8.8,Petrol,5,200.0,30000.0
Volkswagen,1984.0,220.0,246.0,6.5,Petrol,5,350.0,35000.0
Volkswagen,1968.0,136.0,180.0,12.0,Diesel,5,250.0,25000.0
Volkswagen,1199.0,61.0,165.0,14.5,Diesel,5,140.0,20000.0
Volkswagen,999.0,95.0,187.0,9.5,Petrol,5,175.0,22000.0
Volkswagen,1395.0,215.0,210.0,7.4,Hybrid,5,330.0,32000.0
Volkswagen,1984.0,290.0,250.0,5.6,Petrol,5,370.0,40000.0
Volkswagen,1984.0,210.0,250.0,4.9,Petrol,5,420.0,45000.0
Volkswagen,1968.0,167.0,200.0,8.3,Diesel,5,350.0,35000.0
Volkswagen,2813.6,204.0,145.0,10.2,Electric,5,310.0,55000.0
Volkswagen,1984.0,280.0,250.0,5.6,Petrol,5,350.0,50000.0
Volkswagen,1984.0,228.0,250.0,6.5,Petrol,5,350.0,31000.0
Volkswagen,1984.0,174.0,205.0,7.0,Petrol,5,250.0,25000.0
Volkswagen,1968.0,167.0,220.0,7.8,Diesel,5,350.0,30000.0
Volkswagen,1968.0,167.0,250.0,4.9,Petrol,5,400.0,40000.0
Volkswagen,1395.0,148.5,200.0,8.5,Petrol,5,250.0,27000.0
Volkswagen,1395.0,148.5,200.0,8.5,Petrol,5,250.0,27000.0
Volkswagen,1968.0,148.5,200.0,8.5,Petrol,5,250.0,27000.0
Volkswagen,1968.0,148.5,200.0,8.5,Petrol,5,250.0,27000.0
Volkswagen,1984.0,207.0,237.0,6.7,Petrol,5,320.0,30000.0
Volkswagen,2967.0,285.5,235.0,7.5,Petrol,5,450.0,60000.0
Volkswagen,2967.0,285.5,235.0,7.5,Petrol,5,450.0,60000.0
Volkswagen,1395.0,245.0,200.0,7.5,Hybrid,5,400.0,42000.0
Volkswagen,2813.6,83.0,130.0,11.9,Electric,5,210.0,23000.0
Volkswagen,3996.0,325.0,210.0,7.4,Diesel,5,580.0,70000.0
Volkswagen,1984.0,265.0,250.0,5.9,Petrol,5,380.0,45000.0
Volkswagen,1968.0,190.0,220.0,8.0,Diesel,5,400.0,40000.0
Volkswagen,2813.6,204.0,145.0,10.2,Electric,5,310.0,55000.0
Nissan,1598.0,122.0,180.0,10.4,Petrol,5,154.0,16700.0
Nissan,999.0,100.0,175.0,10.8,Petrol,5,160.0,15500.0
Nissan,5552.0,400.0,210.0,7.3,Petrol,5,560.0,77000.0
Nissan,1332.0,156.0,195.0,8.9,Petrol,5,260.0,26000.0
Nissan,3498.0,260.0,210.0,7.5,Petrol,5,325.0,39000.0
Nissan,3498.0,300.0,220.0,6.2,Petrol,5,353.0,45000.0
Nissan,5552.0,400.0,210.0,6.5,Petrol,5,560.0,51000.0
Nissan,1598.0,122.0,180.0,10.7,Petrol,5,154.0,20000.0
Nissan,1498.0,201.0,200.0,8.0,Hybrid,5,305.0,29000.0
Nissan,2997.0,400.0,250.0,4.5,Petrol,5,475.0,40000.0
Nissan,999.0,100.0,185.0,10.7,Petrol,5,160.0,14500.0
Nissan,1798.0,137.0,190.0,9.6,Petrol,5,174.0,18000.0
Nissan,1198.0,109.0,170.0,11.5,Hybrid,5,150.0,16000.0
Nissan,1598.0,118.0,180.0,11.0,Petrol,5,156.0,15000.0
Nissan,1798.0,122.0,175.0,10.6,Petrol,5,171.0,14500.0
Nissan,999.0,117.0,180.0,10.4,Petrol,5,180.0,25000.0
Nissan,1461.0,110.0,168.0,13.5,Diesel,5,248.0,15500.0
Nissan,999.0,100.0,160.0,13.0,Petrol,5,160.0,12000.0
Nissan,3954.0,261.0,200.0,7.8,Petrol,5,381.0,35000.0
Nissan,5552.0,400.0,210.0,7.3,Petrol,5,560.0,77000.0
Nissan,3799.0,600.0,330.0,2.9,Petrol,5,652.0,124332.5
Nissan,3696.0,332.0,250.0,5.5,Petrol,5,366.0,41820.0
Nissan,2813.6,389.0,200.0,5.1,Electric,5,600.0,58950.0
Nissan,5552.0,400.0,210.0,6.6,Petrol,5,560.0,85000.0
Nissan,5552.0,400.0,210.0,6.5,Petrol,5,560.0,70600.0
Nissan,1598.0,126.0,190.0,10.1,Petrol,5,154.0,14500.0
Nissan,1197.0,115.0,190.0,10.7,Petrol,5,190.0,19000.0
Nissan,1498.0,102.0,175.0,11.5,Petrol,5,139.0,13000.0
Nissan,1997.0,133.0,185.0,10.5,Petrol,5,191.0,18500.0
Nissan,1198.0,79.0,170.0,13.7,Petrol,5,106.0,12000.0
Nissan,1997.0,141.0,190.0,9.8,Petrol,5,199.0,24960.0
Nissan,1997.0,179.0,180.0,9.4,Hybrid,5,207.0,28500.0
Nissan,3498.0,284.0,190.0,7.4,Petrol,5,351.0,42820.0
Nissan,5552.0,400.0,210.0,6.5,Petrol,5,560.0,65300.0
Nissan,1598.0,104.0,165.0,12.5,Petrol,5,145.0,14000.0
Nissan,3799.0,690.5,315.0,2.5,Petrol,5,780.0,124332.5
Nissan,3696.0,350.0,250.0,5.2,Petrol,5,374.0,45790.0
Nissan,2813.6,389.0,200.0,5.1,Electric,5,600.0,60000.0
Nissan,5552.0,428.0,210.0,6.5,Petrol,5,560.0,105000.0
Nissan,2997.0,300.0,250.0,5.0,Petrol,5,400.0,41750.0
Nissan,1998.0,140.0,200.0,9.6,Petrol,5,190.0,20000.0
Nissan,2997.0,400.0,250.0,5.0,Petrol,5,475.0,50000.0
Nissan,1998.0,150.0,190.0,10.5,Petrol,5,190.0,22000.0
Nissan,2498.0,210.0,210.0,8.6,Petrol,5,250.0,30000.0
Nissan,1796.0,120.0,175.0,11.0,Petrol,5,170.0,18500.0
Nissan,4750.0,280.0,190.0,8.2,Petrol,5,451.0,55000.0
Nissan,2488.0,250.0,190.0,7.7,Hybrid,5,329.0,42500.0
Nissan,2498.0,190.0,175.0,10.8,Petrol,5,240.0,40000.0
Nissan,1497.0,201.0,180.0,8.2,Petrol,5,300.0,38000.0
Nissan,1332.0,158.0,190.0,9.2,Hybrid,5,270.0,36000.0
Nissan,3799.0,600.0,330.0,2.8,Petrol,5,652.0,124332.5
Nissan,2997.0,420.0,270.0,4.7,Petrol,5,475.0,55000.0
Nissan,2813.6,389.0,200.0,5.1,Electric,5,600.0,63000.0
Nissan,5552.0,428.0,210.0,6.5,Petrol,5,560.0,98000.0
Nissan,5026.0,390.0,250.0,5.6,Petrol,5,500.0,61750.0
Nissan,1998.0,140.0,180.0,9.8,Petrol,5,186.0,20000.0
Nissan,1798.0,125.0,175.0,10.8,Petrol,5,168.0,18000.0
Nissan,1838.0,115.0,170.0,11.5,Petrol,5,161.0,17500.0
Nissan,2960.0,210.0,200.0,8.4,Petrol,5,265.0,32000.0
Nissan,1598.0,190.0,200.0,7.5,Petrol,5,240.0,24000.0
Nissan,2438.0,150.0,180.0,10.6,Petrol,5,217.0,20000.0
Nissan,2498.0,158.0,175.0,11.0,Petrol,5,225.0,18500.0
Nissan,5552.0,428.0,210.0,6.5,Petrol,5,560.0,95000.0
Nissan,5552.0,400.0,200.0,6.5,Petrol,5,560.0,60000.0
Nissan,1497.0,201.0,180.0,8.2,Petrol,5,300.0,39000.0
Nissan,3799.0,600.0,330.0,2.8,Petrol,5,652.0,124332.5
Nissan,2997.0,400.0,250.0,4.2,Petrol,5,475.0,48000.0
Nissan,2568.0,276.0,250.0,5.6,Petrol,5,392.0,70000.0
Nissan,2813.6,389.0,200.0,5.1,Electric,5,600.0,67000.0
Nissan,1997.0,268.0,230.0,6.5,Petrol,5,380.0,50000.0
Nissan,2488.0,129.0,155.0,12.5,Diesel,5,356.0,28000.0
Nissan,2298.0,190.0,180.0,10.2,Diesel,5,450.0,32000.0
Nissan,5552.0,400.0,195.0,6.9,Petrol,5,560.0,55000.0
Nissan,1461.0,85.0,140.0,15.0,Diesel,5,200.0,25000.0
Nissan,2488.0,130.0,145.0,14.8,Diesel,5,350.0,27000.0
Nissan,1397.0,67.0,145.0,14.0,Petrol,5,110.0,14000.0
Nissan,2825.0,94.0,160.0,12.5,Diesel,5,184.0,22000.0
Nissan,1998.0,247.0,235.0,5.9,Petrol,5,275.0,45000.0
Nissan,1998.0,140.0,200.0,9.0,Petrol,5,180.0,22000.0
Nissan,1498.0,105.0,165.0,12.3,Petrol,5,150.0,16000.0
Nissan,4750.0,280.0,190.0,8.2,Petrol,5,451.0,58000.0
Nissan,3498.0,284.0,195.0,7.2,Petrol,5,351.0,44000.0
Nissan,2664.0,125.0,160.0,12.9,Diesel,5,278.0,28000.0
Nissan,3498.0,260.0,195.0,7.6,Petrol,5,325.0,47000.0
Nissan,1497.0,204.0,190.0,8.0,Hybrid,5,305.0,43000.0
Nissan,3000.0,500.0,320.0,3.0,Hybrid,5,650.0,124332.5
Nissan,2997.0,400.0,250.0,4.5,Petrol,5,475.0,70000.0
Nissan,3696.0,328.0,250.0,5.5,Petrol,5,365.0,42000.0
Nissan,5552.0,400.0,200.0,6.5,Petrol,5,560.0,85000.0
Nissan,2813.6,389.0,200.0,5.1,Electric,5,600.0,68000.0
Nissan,1595.0,96.0,175.0,10.2,Petrol,5,135.0,25000.0
Nissan,1998.0,200.0,240.0,7.2,Petrol,5,265.0,30000.0
Nissan,2960.0,300.0,250.0,5.9,Petrol,5,384.0,50000.0
Nissan,3495.0,550.0,330.0,3.3,Petrol,5,637.0,124332.5
Nissan,987.0,76.0,170.0,12.8,Petrol,5,103.0,20000.0
Nissan,2389.0,134.0,160.0,10.6,Petrol,5,206.0,25000.0
Nissan,2999.0,130.0,130.0,16.2,Diesel,5,300.0,35000.0
Nissan,659.0,48.0,110.0,16.2,Petrol,5,62.0,10000.0
Nissan,1998.0,131.0,140.0,14.0,Petrol,5,188.0,28000.0
Nissan,1770.0,85.0,155.0,13.8,Petrol,5,130.0,18000.0
Nissan,1998.0,140.0,190.0,11.0,Petrol,5,180.0,23000.0
Nissan,2389.0,138.0,160.0,12.0,Petrol,5,205.0,22000.0
Nissan,1998.0,205.0,240.0,6.8,Petrol,5,275.0,35000.0
Nissan,1597.0,110.0,170.0,11.0,Petrol,5,140.0,18000.0
Nissan,5552.0,428.0,205.0,6.3,Petrol,5,580.0,95000.0
Nissan,5552.0,400.0,190.0,6.8,Petrol,5,560.0,70000.0
Nissan,1998.0,141.0,190.0,9.0,Petrol,5,195.0,32000.0
Nissan,1497.0,204.0,190.0,8.0,Hybrid,5,305.0,46000.0
Nissan,1497.0,187.0,200.0,7.5,Hybrid,5,330.0,40000.0
Nissan,3799.0,565.0,315.0,2.8,Petrol,5,637.0,124332.5
Nissan,4494.0,325.0,250.0,5.8,Petrol,5,451.0,50000.0
Nissan,2997.0,400.0,250.0,4.5,Petrol,5,475.0,75000.0
Nissan,2813.6,389.0,200.0,5.1,Electric,5,600.0,70000.0
Nissan,5552.0,428.0,205.0,6.3,Petrol,5,580.0,95000.0
Nissan,2393.0,151.0,210.0,8.0,Petrol,5,198.0,45000.0
Nissan,1597.0,110.0,185.0,9.6,Petrol,5,135.0,18000.0
Nissan,2960.0,250.0,225.0,8.5,Petrol,5,330.0,60000.0
Nissan,2960.0,300.0,250.0,5.9,Petrol,5,384.0,55000.0
Nissan,1998.0,250.0,240.0,5.6,Petrol,5,300.0,35000.0
Nissan,2298.0,135.0,150.0,15.0,Diesel,5,360.0,40000.0
Nissan,5552.0,400.0,180.0,7.0,Petrol,5,560.0,55000.0
Nissan,2498.0,127.0,140.0,14.0,Diesel,5,260.0,30000.0
Nissan,1198.0,134.0,160.0,12.0,Hybrid,5,320.0,35000.0
Nissan,3498.0,280.0,200.0,8.5,Petrol,5,344.0,50000.0
Nissan,1595.0,96.0,175.0,10.2,Petrol,5,135.0,25000.0
Nissan,1998.0,120.0,175.0,11.0,Petrol,5,170.0,18000.0
Nissan,1998.0,230.0,225.0,6.0,Petrol,5,280.0,30000.0
Nissan,1769.0,114.0,180.0,12.5,Petrol,5,160.0,15000.0
Nissan,1597.0,115.0,185.0,10.5,Petrol,5,150.0,12000.0
Nissan,1497.0,105.0,165.0,13.0,Petrol,5,135.0,10000.0
Nissan,2663.0,125.0,160.0,12.5,Diesel,5,260.0,25000.0
Nissan,4169.0,155.0,160.0,12.0,Diesel,5,330.0,45000.0
Nissan,1998.0,280.0,215.0,6.4,Petrol,5,310.0,38000.0
Nissan,3275.0,170.0,175.0,10.0,Petrol,5,290.0,28000.0
Nissan,4494.0,280.0,210.0,7.5,Petrol,5,400.0,70000.0
Nissan,4130.0,270.0,210.0,8.0,Petrol,5,390.0,60000.0
Nissan,2960.0,255.0,215.0,6.5,Petrol,5,340.0,45000.0
Nissan,2960.0,255.0,220.0,6.5,Petrol,5,340.0,50000.0
Nissan,4494.0,340.0,240.0,6.2,Petrol,5,450.0,50000.0
Nissan,2393.0,151.0,210.0,8.0,Petrol,5,198.0,45000.0
Nissan,2753.0,145.0,205.0,9.5,Petrol,5,210.0,35000.0
Nissan,1809.0,175.0,215.0,6.8,Petrol,5,230.0,20000.0
Nissan,1998.0,200.0,225.0,7.0,Petrol,5,260.0,25000.0
Nissan,1839.0,140.0,200.0,9.0,Petrol,5,180.0,18000.0
Nissan,3954.0,261.0,160.0,10.0,Petrol,5,385.0,36000.0
Nissan,5552.0,375.0,170.0,9.0,Petrol,5,525.0,42000.0
Nissan,2953.0,150.0,140.0,15.0,Diesel,5,350.0,35000.0
Porsche,2894.0,330.0,270.0,5.6,Petrol,5,450.0,88000.0
Porsche,2894.0,330.0,270.0,5.4,Petrol,5,450.0,92000.0
Porsche,2894.0,440.0,289.0,4.4,Petrol,5,550.0,105000.0
Porsche,3996.0,620.0,315.0,3.1,Petrol,5,820.0,124332.5
Porsche,3996.0,473.0,300.0,3.9,Petrol,5,620.0,124332.5
Porsche,2894.0,330.0,270.0,5.4,Petrol,5,450.0,102000.0
Porsche,2813.6,455.0,280.0,4.4,Hybrid,5,700.0,115000.0
Porsche,2813.6,455.0,280.0,4.4,Hybrid,5,700.0,120000.0
Porsche,2813.6,690.0,315.0,3.2,Hybrid,5,870.0,124332.5
Porsche,2894.0,330.0,270.0,5.6,Petrol,5,450.0,95000.0
Porsche,2995.0,335.0,245.0,5.9,Petrol,5,450.0,80000.0
Porsche,2995.0,335.0,245.0,6.0,Petrol,5,450.0,85000.0
Porsche,2894.0,434.0,265.0,5.0,Petrol,5,550.0,95000.0
Porsche,3996.0,541.0,286.0,4.0,Petrol,5,770.0,124332.5
Porsche,3996.0,453.0,270.0,4.5,Petrol,5,620.0,110000.0
Porsche,2813.6,670.0,295.0,3.6,Hybrid,5,900.0,124332.5
Porsche,1984.0,261.0,232.0,6.2,Petrol,5,400.0,60000.0
Porsche,2894.0,375.0,259.0,4.8,Petrol,5,520.0,75000.0
Porsche,2894.0,434.0,272.0,4.5,Petrol,5,550.0,85000.0
Porsche,1984.0,261.0,232.0,6.2,Petrol,5,400.0,65000.0
Porsche,2981.0,379.0,293.0,4.2,Petrol,5,450.0,110000.0
Porsche,2981.0,443.0,308.0,3.5,Petrol,5,528.0,124332.5
Porsche,2981.0,379.0,293.0,4.2,Petrol,5,450.0,106500.0
Porsche,2981.0,443.0,306.0,3.4,Petrol,5,528.0,113300.0
Porsche,2981.0,379.0,289.0,4.4,Petrol,5,450.0,121300.0
Porsche,3745.0,572.0,320.0,2.7,Petrol,5,750.0,124332.5
Porsche,3745.0,640.0,330.0,2.6,Petrol,5,800.0,124332.5
Porsche,3996.0,502.0,318.0,3.4,Petrol,5,469.0,124332.5
Porsche,3996.0,518.0,296.0,3.2,Petrol,5,465.0,124332.5
Porsche,2981.0,473.0,240.0,3.4,Petrol,5,570.0,124332.5
Porsche,2813.6,402.0,230.0,5.4,Electric,5,344.0,86700.0
Porsche,2813.6,522.0,250.0,4.0,Electric,5,640.0,103800.0
Porsche,2813.6,670.0,260.0,3.2,Electric,5,850.0,124332.5
Porsche,2813.6,690.5,260.0,2.8,Electric,5,930.0,124332.5
Porsche,2813.6,590.0,250.0,3.5,Electric,5,850.0,124332.5
Porsche,2813.6,469.0,220.0,4.8,Electric,5,500.0,97700.0
Porsche,2813.6,509.0,240.0,4.1,Electric,5,650.0,104000.0
Porsche,1988.0,300.0,275.0,4.9,Petrol,5,380.0,63400.0
Porsche,2497.0,350.0,285.0,4.4,Petrol,5,420.0,75400.0
Porsche,3995.0,414.0,302.0,4.2,Petrol,5,420.0,100200.0
Porsche,3996.0,493.0,315.0,3.2,Petrol,5,450.0,124332.5
Porsche,1988.0,300.0,275.0,4.9,Petrol,5,380.0,65500.0
Porsche,1988.0,300.0,275.0,4.7,Petrol,5,380.0,69600.0
Porsche,3995.0,394.0,293.0,4.3,Petrol,5,430.0,90300.0
Porsche,3995.0,414.0,301.0,4.1,Petrol,5,420.0,98300.0
Porsche,2894.0,325.0,265.0,5.6,Petrol,5,450.0,92300.0
Porsche,2894.0,462.0,280.0,4.4,Hybrid,5,700.0,113300.0
Porsche,2894.0,325.0,265.0,5.5,Petrol,5,450.0,101400.0
Porsche,3996.0,690.0,315.0,3.2,Hybrid,5,870.0,124332.5
Porsche,2894.0,560.0,295.0,3.7,Hybrid,5,750.0,124332.5
Porsche,2894.0,325.0,265.0,5.6,Petrol,5,450.0,98300.0
Porsche,3996.0,473.0,300.0,3.9,Petrol,5,620.0,124332.5
Porsche,3996.0,550.0,306.0,3.8,Petrol,5,770.0,124332.5
Porsche,3996.0,570.0,310.0,3.8,Petrol,5,800.0,124332.5
Porsche,2894.0,443.0,289.0,4.1,Petrol,5,550.0,105000.0
Porsche,1984.0,265.0,232.0,6.4,Petrol,5,400.0,58000.0
Porsche,1984.0,265.0,233.0,6.2,Petrol,5,400.0,63000.0
Porsche,2894.0,375.0,259.0,4.6,Petrol,5,520.0,70400.0
Porsche,2894.0,434.0,272.0,4.3,Petrol,5,550.0,82900.0
Porsche,2813.6,603.0,240.0,4.0,Electric,5,750.0,85000.0
Porsche,2995.0,335.0,245.0,5.9,Petrol,5,450.0,72200.0
Porsche,2995.0,455.0,253.0,4.8,Hybrid,5,700.0,91000.0
Porsche,2894.0,434.0,263.0,4.7,Petrol,5,550.0,94300.0
Porsche,3996.0,631.0,300.0,3.3,Petrol,5,850.0,124332.5
Porsche,2995.0,335.0,245.0,5.8,Petrol,5,450.0,79000.0
Porsche,3996.0,670.0,295.0,3.6,Hybrid,5,900.0,124332.5
Porsche,3996.0,453.0,270.0,4.5,Petrol,5,620.0,111200.0
Porsche,2967.0,262.0,221.0,7.3,Diesel,5,580.0,69000.0
Porsche,2995.0,380.0,242.0,6.5,Hybrid,5,580.0,85500.0
Porsche,3996.0,690.5,295.0,3.6,Hybrid,5,930.0,124332.5
Porsche,2813.6,321.0,230.0,5.4,Electric,5,345.0,86700.0
Cadillac,2000.0,237.0,250.0,6.0,Petrol,5,350.0,34395.0
Cadillac,2700.0,325.0,260.0,4.9,Petrol,5,500.0,46595.0
Cadillac,2000.0,237.0,240.0,6.6,Petrol,5,350.0,38195.0
Cadillac,3000.0,360.0,250.0,4.6,Petrol,5,550.0,50995.0
Porsche,2813.6,375.0,240.0,5.1,Electric,5,500.0,94800.0
Porsche,2813.6,590.0,250.0,3.8,Electric,5,620.0,124332.5
Porsche,2813.6,375.0,230.0,5.4,Electric,5,500.0,90500.0
Porsche,2813.6,590.0,250.0,3.7,Electric,5,620.0,124332.5
Porsche,2813.6,690.5,260.0,2.9,Electric,5,930.0,124332.5
Porsche,2981.0,379.0,293.0,4.2,Petrol,5,450.0,106100.0
Porsche,2981.0,443.0,304.0,3.9,Petrol,5,530.0,124332.5
Porsche,2981.0,379.0,293.0,4.4,Petrol,5,450.0,113300.0
Porsche,2981.0,473.0,311.0,3.3,Petrol,5,570.0,124332.5
Porsche,2981.0,473.0,307.0,3.5,Petrol,5,570.0,124332.5
Porsche,3745.0,572.0,320.0,2.9,Petrol,5,750.0,124332.5
Porsche,3745.0,640.0,330.0,2.7,Petrol,5,800.0,124332.5
Porsche,3996.0,502.0,318.0,3.9,Petrol,5,470.0,124332.5
Porsche,3996.0,525.0,296.0,3.2,Petrol,5,465.0,124332.5
Porsche,2981.0,473.0,240.0,3.4,Petrol,5,570.0,124332.5
Porsche,2981.0,473.0,311.0,3.2,Petrol,5,570.0,124332.5
Porsche,2981.0,379.0,289.0,4.3,Petrol,5,450.0,124332.5
Porsche,3745.0,607.0,330.0,2.9,Petrol,5,750.0,124332.5
Porsche,3745.0,690.5,330.0,2.8,Petrol,5,750.0,124332.5
Porsche,3996.0,510.0,290.0,3.4,Petrol,5,470.0,124332.5
Porsche,3996.0,500.0,315.0,3.4,Petrol,5,450.0,124332.5
Porsche,4194.0,515.0,296.0,3.1,Petrol,5,480.0,124332.5
Porsche,2981.0,379.0,293.0,4.4,Petrol,5,450.0,116000.0
Porsche,3745.0,572.0,318.0,3.0,Petrol,5,750.0,124332.5
Porsche,2981.0,473.0,240.0,3.5,Petrol,5,570.0,124332.5
Tata Motors,1199.0,86.0,170.0,13.0,Petrol,5,113.0,8200.0
Tata Motors,2813.6,74.0,120.0,5.7,Electric,5,114.0,11000.0
Tata Motors,1199.0,86.0,170.0,12.0,Petrol,5,156.5,10400.0
Tata Motors,1199.0,89.0,170.0,12.0,Petrol,5,156.5,10400.0
Tata Motors,1199.0,86.0,170.0,12.0,Diesel,5,156.5,10400.0
Tata Motors,1199.0,89.0,170.0,12.0,Diesel,5,156.5,10400.0
Tata Motors,1497.0,86.0,170.0,12.0,Petrol,5,156.5,10400.0
Tata Motors,1497.0,89.0,170.0,12.0,Petrol,5,156.5,10400.0
Tata Motors,1497.0,86.0,170.0,12.0,Diesel,5,156.5,10400.0
Tata Motors,1497.0,89.0,170.0,12.0,Diesel,5,156.5,10400.0
Tata Motors,1199.0,86.0,170.0,12.5,Petrol,5,113.0,11300.0
Tata Motors,1199.0,110.0,180.0,10.0,Petrol,5,140.0,12000.0
Tata Motors,1199.0,86.0,165.0,12.0,Cng,5,113.0,11800.0
Tata Motors,1199.0,86.0,165.0,12.0,Petrol,5,113.0,11800.0
Tata Motors,1199.0,86.0,170.0,13.5,Petrol,5,113.0,9200.0
Tata Motors,624.0,37.0,105.0,16.2,Petrol,5,51.0,4000.0
Tata Motors,1396.0,70.0,155.0,16.0,Diesel,5,140.0,6200.0
Tata Motors,1193.0,65.0,140.0,16.0,Petrol,5,100.0,5000.0
Tata Motors,1199.0,86.0,170.0,13.0,Petrol,5,113.0,9400.0
Tata Motors,2813.6,74.0,120.0,5.7,Electric,5,114.0,14500.0
Tata Motors,1248.0,75.0,165.0,15.0,Diesel,5,190.0,8700.0
Tata Motors,1248.0,90.0,165.0,15.0,Diesel,5,190.0,8700.0
Tata Motors,1248.0,75.0,165.0,15.0,Petrol,5,190.0,8700.0
Tata Motors,1248.0,90.0,165.0,15.0,Petrol,5,190.0,8700.0
Tata Motors,1249.0,75.0,165.0,15.0,Diesel,5,140.0,8700.0
Tata Motors,1249.0,90.0,165.0,15.0,Diesel,5,140.0,8700.0
Tata Motors,1249.0,75.0,165.0,15.0,Petrol,5,140.0,8700.0
Tata Motors,1249.0,90.0,165.0,15.0,Petrol,5,140.0,8700.0
Tata Motors,1199.0,690.5,165.0,15.0,Diesel,5,190.0,8700.0
Tata Motors,1199.0,690.5,165.0,15.0,Diesel,5,190.0,8700.0
Tata Motors,1199.0,690.5,165.0,15.0,Petrol,5,190.0,8700.0
Tata Motors,1199.0,690.5,165.0,15.0,Petrol,5,190.0,8700.0
Tata Motors,1199.0,75.0,165.0,15.0,Diesel,5,140.0,8700.0
Tata Motors,1199.0,75.0,165.0,15.0,Diesel,5,140.0,8700.0
Tata Motors,1199.0,90.0,165.0,15.0,Diesel,5,140.0,8700.0
Tata Motors,1199.0,90.0,165.0,15.0,Diesel,5,140.0,8700.0
Tata Motors,1199.0,75.0,165.0,15.0,Petrol,5,140.0,8700.0
Tata Motors,1199.0,75.0,165.0,15.0,Petrol,5,140.0,8700.0
Tata Motors,1199.0,90.0,165.0,15.0,Petrol,5,140.0,8700.0
Tata Motors,1199.0,90.0,165.0,15.0,Petrol,5,140.0,8700.0
Tata Motors,1396.0,70.0,155.0,16.2,Diesel,5,140.0,6500.0
Cadillac,5603.0,420.0,210.0,6.8,Petrol,5,624.0,79295.0
Tata Motors,1396.0,70.0,150.0,16.2,Diesel,5,135.0,8300.0
Tata Motors,1396.0,70.0,150.0,16.2,Diesel,5,135.0,8300.0
Tata Motors,1396.0,85.0,150.0,16.2,Diesel,5,135.0,8300.0
Tata Motors,1396.0,85.0,150.0,16.2,Diesel,5,135.0,8300.0
Tata Motors,1396.0,70.0,150.0,16.2,Petrol,5,135.0,8300.0
Tata Motors,1396.0,70.0,150.0,16.2,Petrol,5,135.0,8300.0
Tata Motors,1396.0,85.0,150.0,16.2,Petrol,5,135.0,8300.0
Tata Motors,1396.0,85.0,150.0,16.2,Petrol,5,135.0,8300.0
Tata Motors,1396.0,70.0,150.0,16.2,Diesel,5,115.0,8300.0
Tata Motors,1396.0,70.0,150.0,16.2,Diesel,5,115.0,8300.0
Tata Motors,1396.0,85.0,150.0,16.2,Diesel,5,115.0,8300.0
Tata Motors,1396.0,85.0,150.0,16.2,Diesel,5,115.0,8300.0
Tata Motors,1396.0,70.0,150.0,16.2,Petrol,5,115.0,8300.0
Tata Motors,1396.0,70.0,150.0,16.2,Petrol,5,115.0,8300.0
Tata Motors,1396.0,85.0,150.0,16.2,Petrol,5,115.0,8300.0
Tata Motors,1396.0,85.0,150.0,16.2,Petrol,5,115.0,8300.0
Tata Motors,1248.0,75.0,160.0,14.0,Diesel,5,200.0,9000.0
Tata Motors,1248.0,75.0,160.0,14.0,Diesel,5,200.0,9000.0
Tata Motors,1248.0,90.0,160.0,14.0,Diesel,5,200.0,9000.0
Tata Motors,1248.0,90.0,160.0,14.0,Diesel,5,200.0,9000.0
Tata Motors,1248.0,75.0,160.0,14.0,Petrol,5,200.0,9000.0
Tata Motors,1248.0,75.0,160.0,14.0,Petrol,5,200.0,9000.0
Tata Motors,1248.0,90.0,160.0,14.0,Petrol,5,200.0,9000.0
Tata Motors,1248.0,90.0,160.0,14.0,Petrol,5,200.0,9000.0
Tata Motors,1248.0,75.0,160.0,14.0,Diesel,5,115.0,9000.0
Tata Motors,1248.0,75.0,160.0,14.0,Diesel,5,115.0,9000.0
Tata Motors,1248.0,90.0,160.0,14.0,Diesel,5,115.0,9000.0
Tata Motors,1248.0,90.0,160.0,14.0,Diesel,5,115.0,9000.0
Tata Motors,1248.0,75.0,160.0,14.0,Petrol,5,115.0,9000.0
Tata Motors,1248.0,75.0,160.0,14.0,Petrol,5,115.0,9000.0
Tata Motors,1248.0,90.0,160.0,14.0,Petrol,5,115.0,9000.0
Tata Motors,1248.0,90.0,160.0,14.0,Petrol,5,115.0,9000.0
Tata Motors,1368.0,75.0,160.0,14.0,Diesel,5,200.0,9000.0
Tata Motors,1368.0,75.0,160.0,14.0,Diesel,5,200.0,9000.0
Tata Motors,1368.0,90.0,160.0,14.0,Diesel,5,200.0,9000.0
Tata Motors,1368.0,90.0,160.0,14.0,Diesel,5,200.0,9000.0
Tata Motors,1368.0,75.0,160.0,14.0,Petrol,5,200.0,9000.0
Tata Motors,1368.0,75.0,160.0,14.0,Petrol,5,200.0,9000.0
Tata Motors,1368.0,90.0,160.0,14.0,Petrol,5,200.0,9000.0
Tata Motors,1368.0,90.0,160.0,14.0,Petrol,5,200.0,9000.0
Tata Motors,1368.0,75.0,160.0,14.0,Diesel,5,115.0,9000.0
Tata Motors,1368.0,75.0,160.0,14.0,Diesel,5,115.0,9000.0
Tata Motors,1368.0,90.0,160.0,14.0,Diesel,5,115.0,9000.0
Tata Motors,1368.0,90.0,160.0,14.0,Diesel,5,115.0,9000.0
Tata Motors,1368.0,75.0,160.0,14.0,Petrol,5,115.0,9000.0
Tata Motors,1368.0,75.0,160.0,14.0,Petrol,5,115.0,9000.0
Tata Motors,1368.0,90.0,160.0,15.0,Petrol,5,115.0,9000.0
Tata Motors,1368.0,90.0,160.0,15.0,Petrol,5,115.0,9000.0
Tata Motors,1396.0,70.0,150.0,16.2,Diesel,5,140.0,7000.0
Tata Motors,1396.0,85.0,160.0,15.0,Petrol,5,115.0,7200.0
Cadillac,5603.0,420.0,205.0,6.9,Petrol,5,624.0,82295.0
Tata Motors,1199.0,118.0,180.0,10.0,Petrol,5,215.0,14000.0
Tata Motors,1199.0,118.0,180.0,10.0,Petrol,5,215.0,14000.0
Tata Motors,1199.0,110.0,180.0,10.0,Petrol,5,215.0,14000.0
Tata Motors,1199.0,110.0,180.0,10.0,Petrol,5,215.0,14000.0
Tata Motors,1199.0,118.0,180.0,10.0,Diesel,5,215.0,14000.0
Tata Motors,1199.0,118.0,180.0,10.0,Diesel,5,215.0,14000.0
Tata Motors,1199.0,110.0,180.0,10.0,Diesel,5,215.0,14000.0
Tata Motors,1199.0,110.0,180.0,10.0,Diesel,5,215.0,14000.0
Tata Motors,1497.0,118.0,180.0,10.0,Petrol,5,215.0,14000.0
Tata Motors,1497.0,118.0,180.0,10.0,Petrol,5,215.0,14000.0
Tata Motors,1497.0,110.0,180.0,10.0,Petrol,5,215.0,14000.0
Tata Motors,1497.0,110.0,180.0,10.0,Petrol,5,215.0,14000.0
Tata Motors,1497.0,118.0,180.0,10.0,Diesel,5,215.0,14000.0
Tata Motors,1497.0,118.0,180.0,10.0,Diesel,5,215.0,14000.0
Tata Motors,1497.0,110.0,180.0,10.0,Diesel,5,215.0,14000.0
Tata Motors,1497.0,110.0,180.0,10.0,Diesel,5,215.0,14000.0
Tata Motors,2813.6,143.0,140.0,9.0,Electric,5,250.0,25000.0
Tata Motors,1956.0,168.0,180.0,11.0,Diesel,5,350.0,23000.0
Tata Motors,1956.0,168.0,180.0,11.0,Diesel,5,350.0,25500.0
Tata Motors,1199.0,86.0,160.0,16.0,Petrol,5,113.0,10500.0
Tata Motors,2179.0,154.0,180.0,12.0,Diesel,5,400.0,20000.0
Tata Motors,2179.0,138.0,162.0,13.0,Diesel,5,320.0,19000.0
Tata Motors,2956.0,85.0,125.0,16.2,Diesel,5,250.0,15000.0
Tata Motors,2179.0,118.0,140.0,15.0,Diesel,5,250.0,16500.0
Tata Motors,2813.6,129.0,120.0,9.4,Electric,5,245.0,22000.0
Tesla,2813.6,670.0,250.0,3.1,Electric,5,930.0,88490.0
Tesla,2813.6,690.5,322.0,2.1,Electric,5,930.0,108490.0
Tesla,2813.6,283.0,225.0,5.8,Electric,5,420.0,40240.0
Tesla,2813.6,450.0,261.0,3.1,Electric,5,660.0,53240.0
Tesla,2813.6,670.0,250.0,3.8,Electric,5,930.0,98490.0
Tesla,2813.6,690.5,262.0,2.6,Electric,5,930.0,113490.0
Tesla,2813.6,346.0,217.0,5.0,Electric,5,498.0,47490.0
Tesla,2813.6,384.0,217.0,4.8,Electric,5,559.0,50490.0
Tesla,2813.6,690.5,209.0,2.9,Electric,5,930.0,69900.0
Tesla,2813.6,690.5,330.0,1.9,Electric,5,930.0,124332.5
Jeep,3600.0,285.0,180.0,6.8,Petrol,5,353.0,35195.0
Jeep,2000.0,270.0,180.0,7.1,Petrol,5,400.0,42100.0
Jeep,3600.0,293.0,209.0,7.0,Petrol,5,352.0,41530.0
Jeep,3600.0,293.0,209.0,7.2,Petrol,5,352.0,43530.0
Jeep,2400.0,180.0,195.0,8.5,Petrol,5,230.0,37695.0
Jeep,2000.0,200.0,200.0,7.8,Petrol,5,320.0,31590.0
Jeep,1300.0,177.0,200.0,8.7,Petrol,5,285.0,28345.0
Jeep,3600.0,285.0,177.0,8.1,Petrol,5,353.0,38775.0
Jeep,5603.0,392.0,190.0,7.4,Petrol,5,548.0,63595.0
Jeep,5603.0,471.0,190.0,6.0,Petrol,5,617.0,91495.0
Jeep,2813.6,375.0,210.0,6.0,Hybrid,5,637.0,59865.0
Jeep,2813.6,375.0,180.0,6.4,Hybrid,5,637.0,50695.0
Jeep,2813.6,240.0,200.0,7.3,Hybrid,5,270.0,46500.0
Jeep,2813.6,240.0,200.0,7.5,Hybrid,5,270.0,44500.0
Mazda,1500.0,108.0,180.0,10.2,Petrol,5,142.0,18500.0
Jeep,2813.6,600.0,177.0,4.5,Electric,5,850.0,80000.0
Jeep,3600.0,285.0,177.0,8.6,Petrol,5,353.0,51570.0
Jeep,5603.0,357.0,190.0,7.3,Petrol,5,529.0,66575.0
Jeep,3200.0,271.0,195.0,7.6,Petrol,5,324.0,41295.0
Jeep,5603.0,470.0,160.0,4.5,Petrol,5,637.0,82495.0
Cadillac,2000.0,235.0,220.0,7.6,Petrol,5,350.0,37490.0
Cadillac,3600.0,310.0,210.0,6.5,Petrol,5,366.0,44195.0
Cadillac,3600.0,310.0,210.0,6.9,Petrol,5,366.0,48595.0
Cadillac,2813.6,340.0,190.0,5.7,Electric,5,440.0,58590.0
Cadillac,5603.0,682.0,200.0,4.4,Petrol,5,885.0,124332.5
Cadillac,5603.0,420.0,210.0,6.8,Petrol,5,624.0,104595.0
Cadillac,5603.0,668.0,320.0,3.4,Petrol,5,893.0,92000.0
Cadillac,3600.0,472.0,290.0,3.9,Petrol,5,603.0,60495.0
Cadillac,2000.0,235.0,220.0,7.4,Petrol,5,350.0,41390.0
Cadillac,3600.0,310.0,210.0,6.5,Petrol,5,366.0,51095.0
Cadillac,3600.0,310.0,210.0,6.9,Petrol,5,366.0,57095.0
Cadillac,2813.6,340.0,190.0,5.7,Electric,5,440.0,59990.0
Cadillac,2813.6,500.0,210.0,4.5,Electric,5,620.0,64990.0
Cadillac,2000.0,237.0,240.0,6.8,Petrol,5,350.0,41290.0
Chevrolet,1400.0,98.0,180.0,10.7,Petrol,5,127.0,14595.0
Chevrolet,1400.0,138.0,190.0,8.5,Petrol,5,200.0,16720.0
Chevrolet,1500.0,160.0,210.0,8.0,Petrol,5,250.0,25000.0
Chevrolet,2000.0,275.0,240.0,5.4,Petrol,5,400.0,26400.0
Chevrolet,5603.0,495.0,312.0,3.0,Petrol,5,637.0,65895.0
Chevrolet,3600.0,310.0,210.0,7.0,Petrol,5,360.0,35915.0
Chevrolet,1500.0,170.0,200.0,8.9,Petrol,5,275.0,26600.0
Chevrolet,3600.0,308.0,220.0,6.6,Petrol,5,366.0,44000.0
Chevrolet,5300.0,355.0,200.0,7.5,Petrol,5,519.0,56995.0
Chevrolet,5300.0,355.0,190.0,7.6,Petrol,5,519.0,59900.0
Chevrolet,2700.0,310.0,190.0,6.8,Petrol,5,583.0,30695.0
Chevrolet,5300.0,355.0,180.0,7.0,Petrol,5,519.0,42795.0
Chevrolet,5603.0,401.0,170.0,8.0,Petrol,5,629.0,41500.0
Chevrolet,5603.0,445.0,160.0,8.5,Diesel,5,930.0,45500.0
Chevrolet,2813.6,200.0,150.0,6.5,Electric,5,360.0,27495.0
Chevrolet,2813.6,200.0,150.0,7.0,Electric,5,360.0,28795.0
Chevrolet,1300.0,155.0,200.0,9.4,Petrol,5,236.0,23100.0
Chevrolet,2000.0,250.0,240.0,5.8,Petrol,5,353.0,33500.0
Chevrolet,5603.0,650.0,318.0,3.5,Petrol,5,881.0,67300.0
Chevrolet,5603.0,495.0,312.0,3.0,Petrol,5,637.0,65895.0
Chevrolet,5300.0,355.0,180.0,7.0,Petrol,5,519.0,61595.0
Chevrolet,5300.0,355.0,180.0,7.0,Petrol,5,519.0,55895.0
Chevrolet,5300.0,355.0,180.0,7.1,Petrol,5,519.0,50895.0
Chevrolet,2800.0,181.0,160.0,9.1,Diesel,5,500.0,48295.0
Chevrolet,3600.0,310.0,210.0,7.0,Petrol,5,360.0,46600.0
Chevrolet,1500.0,170.0,200.0,8.8,Petrol,5,275.0,33400.0
Chevrolet,3600.0,308.0,220.0,6.6,Petrol,5,366.0,48900.0
Chevrolet,2813.6,200.0,150.0,6.7,Electric,5,360.0,28795.0
Chevrolet,5603.0,455.0,290.0,4.3,Petrol,5,617.0,43500.0
Chevrolet,5603.0,460.0,290.0,3.9,Petrol,5,630.0,65900.0
Chevrolet,3600.0,310.0,210.0,7.0,Petrol,5,360.0,43700.0
Chevrolet,3600.0,308.0,220.0,6.6,Petrol,5,366.0,45000.0
Chevrolet,1500.0,160.0,210.0,8.5,Petrol,5,250.0,25800.0
Chevrolet,1400.0,98.0,180.0,11.0,Petrol,5,127.0,17595.0
Chevrolet,1200.0,137.0,200.0,9.2,Petrol,5,220.0,24100.0
Chevrolet,1500.0,170.0,200.0,8.9,Petrol,5,275.0,28400.0
Chevrolet,5603.0,445.0,160.0,8.5,Diesel,5,930.0,75700.0
Chevrolet,2700.0,310.0,190.0,6.9,Petrol,5,583.0,29200.0
Chevrolet,5603.0,420.0,200.0,7.0,Petrol,5,624.0,82400.0
Chevrolet,4300.0,285.0,180.0,8.5,Petrol,5,413.0,33900.0
Chevrolet,1400.0,98.0,180.0,10.9,Petrol,5,127.0,14395.0
Chevrolet,3600.0,310.0,210.0,7.1,Petrol,5,360.0,37200.0
Chevrolet,2500.0,193.0,200.0,9.0,Petrol,5,255.0,36100.0
Chevrolet,2000.0,250.0,240.0,5.8,Petrol,5,353.0,34500.0
Chevrolet,1500.0,170.0,200.0,8.8,Petrol,5,275.0,31900.0
Chevrolet,4300.0,285.0,180.0,8.6,Petrol,5,413.0,34900.0
Chevrolet,5603.0,445.0,160.0,8.4,Diesel,5,930.0,56400.0
Chevrolet,5300.0,355.0,180.0,7.4,Petrol,5,519.0,64100.0
Chevrolet,5300.0,355.0,180.0,5.1,Petrol,5,519.0,64400.0
Chevrolet,2813.6,200.0,150.0,6.5,Electric,5,360.0,31700.0
Chevrolet,5300.0,355.0,180.0,7.5,Petrol,5,519.0,56995.0
Chevrolet,5300.0,355.0,180.0,7.4,Petrol,5,519.0,62495.0
Chevrolet,5300.0,355.0,180.0,7.6,Petrol,5,519.0,66700.0
Chevrolet,5603.0,420.0,200.0,6.8,Petrol,5,624.0,71600.0
Chevrolet,5603.0,420.0,200.0,6.7,Petrol,5,624.0,76700.0
Chevrolet,5300.0,355.0,180.0,7.5,Petrol,5,519.0,65500.0
Chevrolet,5603.0,420.0,200.0,6.8,Petrol,5,624.0,70000.0
Gmc,1500.0,175.0,190.0,9.5,Petrol,5,275.0,29900.0
Gmc,2000.0,228.0,200.0,7.8,Petrol,5,350.0,36800.0
Gmc,5300.0,355.0,180.0,7.4,Petrol,5,519.0,57400.0
Gmc,5603.0,420.0,200.0,6.9,Petrol,5,624.0,61100.0
Gmc,2700.0,310.0,190.0,7.6,Petrol,5,583.0,36900.0
Gmc,5300.0,355.0,180.0,7.3,Petrol,5,519.0,37100.0
Gmc,5603.0,401.0,175.0,7.5,Diesel,5,629.0,43900.0
Gmc,5603.0,445.0,175.0,7.4,Diesel,5,930.0,49000.0
Gmc,2813.6,625.0,170.0,3.0,Electric,5,930.0,108700.0
Gmc,2813.6,625.0,170.0,3.5,Electric,5,930.0,105600.0
Gmc,5603.0,420.0,200.0,6.8,Petrol,5,624.0,72800.0
Gmc,5603.0,420.0,190.0,6.7,Petrol,5,624.0,66800.0
Gmc,1500.0,175.0,190.0,9.6,Petrol,5,275.0,36500.0
Gmc,3600.0,310.0,210.0,7.6,Petrol,5,366.0,41400.0
Gmc,5300.0,355.0,180.0,7.4,Petrol,5,519.0,53800.0
Gmc,5603.0,401.0,175.0,7.5,Diesel,5,930.0,72200.0
Gmc,2700.0,310.0,190.0,7.6,Petrol,5,583.0,45000.0
Gmc,2700.0,310.0,190.0,7.5,Petrol,5,583.0,43900.0
Gmc,2700.0,310.0,190.0,7.5,Petrol,5,583.0,48000.0
Gmc,5603.0,420.0,200.0,6.7,Petrol,5,624.0,93800.0
Gmc,1500.0,175.0,190.0,9.5,Petrol,5,275.0,38600.0
Gmc,3564.0,310.0,210.0,6.5,Petrol,5,366.0,54300.0
Gmc,5327.0,355.0,210.0,7.1,Petrol,5,519.0,71505.0
Gmc,5327.0,355.0,210.0,7.3,Petrol,5,519.0,73305.0
Gmc,2713.0,310.0,180.0,7.0,Petrol,5,569.0,52000.0
Gmc,5327.0,355.0,180.0,6.8,Petrol,5,519.0,56000.0
Gmc,5603.0,401.0,170.0,7.5,Petrol,5,629.0,70000.0
Gmc,5603.0,401.0,170.0,7.7,Petrol,5,629.0,72000.0
Gmc,2488.0,200.0,175.0,8.5,Petrol,5,259.0,36300.0
Gmc,3564.0,308.0,180.0,6.9,Petrol,5,373.0,44000.0
Gmc,5603.0,420.0,200.0,5.8,Petrol,5,624.0,80000.0
Gmc,5603.0,420.0,210.0,6.0,Petrol,5,624.0,82000.0
Gmc,1490.0,170.0,200.0,9.3,Petrol,5,275.0,28700.0
Gmc,3564.0,310.0,210.0,6.5,Petrol,5,366.0,45000.0
Gmc,2813.6,690.5,170.0,3.5,Electric,5,930.0,96550.0
Gmc,2813.6,690.5,170.0,3.0,Electric,5,930.0,96550.0
Gmc,5603.0,420.0,200.0,5.8,Petrol,5,624.0,65000.0
Gmc,5603.0,420.0,210.0,6.0,Petrol,5,624.0,76805.0
Gmc,5603.0,401.0,170.0,7.5,Petrol,5,629.0,75000.0
Gmc,3564.0,308.0,180.0,6.9,Petrol,5,373.0,50000.0
Gmc,5327.0,355.0,210.0,7.3,Petrol,5,519.0,65000.0
Gmc,4300.0,285.0,180.0,7.5,Petrol,5,413.0,37700.0
Gmc,5603.0,401.0,170.0,7.7,Petrol,5,629.0,60000.0
Gmc,5603.0,401.0,170.0,7.8,Petrol,5,629.0,62000.0
Gmc,1490.0,170.0,200.0,9.4,Petrol,5,275.0,31000.0
Gmc,3564.0,310.0,210.0,6.6,Petrol,5,366.0,40000.0
Gmc,2488.0,200.0,175.0,8.6,Petrol,5,259.0,38000.0
Gmc,5327.0,355.0,210.0,7.4,Petrol,5,519.0,75000.0
Gmc,5603.0,420.0,200.0,5.9,Petrol,5,624.0,82000.0
Gmc,2813.6,690.5,170.0,3.6,Electric,5,930.0,110000.0
Gmc,2813.6,690.5,170.0,4.5,Electric,5,930.0,108700.0
Gmc,2813.6,690.5,170.0,3.0,Electric,5,930.0,112700.0
Gmc,3564.0,308.0,180.0,6.8,Petrol,5,373.0,55000.0
Gmc,5603.0,420.0,210.0,6.0,Petrol,5,624.0,90000.0
Gmc,5603.0,401.0,170.0,7.5,Petrol,5,629.0,85000.0
Gmc,3564.0,310.0,210.0,6.5,Petrol,5,366.0,60000.0
Gmc,1490.0,170.0,200.0,9.3,Petrol,5,275.0,35000.0
Gmc,5327.0,355.0,210.0,7.5,Petrol,5,519.0,78000.0
Gmc,2813.6,690.5,170.0,3.6,Electric,5,930.0,105000.0
KIA,1591.0,120.0,180.0,10.3,Petrol,5,151.0,17000.0
KIA,1591.0,120.0,180.0,10.3,Petrol,5,151.0,18000.0
KIA,1591.0,175.0,210.0,7.5,Petrol,5,264.0,28000.0
Peugeot,1599.0,360.0,250.0,5.2,Hybrid,5,520.0,55000.0
KIA,2500.0,277.0,220.0,7.0,Petrol,5,421.0,42000.0
KIA,3778.0,291.0,240.0,7.0,Petrol,5,355.0,50000.0
KIA,1999.0,147.0,190.0,9.2,Petrol,5,179.0,19000.0
KIA,1591.0,180.0,220.0,7.8,Petrol,5,264.0,28500.0
KIA,1591.0,139.0,180.0,10.5,Hybrid,5,265.0,33000.0
KIA,2813.6,225.0,190.0,5.2,Electric,5,350.0,50000.0
KIA,1591.0,201.0,200.0,6.5,Petrol,5,264.0,28000.0
KIA,1591.0,175.0,210.0,7.5,Petrol,5,264.0,28500.0
KIA,2500.0,300.0,270.0,5.0,Petrol,5,422.0,55000.0
KIA,1591.0,227.0,200.0,7.9,Hybrid,5,352.0,47000.0
KIA,3500.0,290.0,220.0,8.0,Petrol,5,355.0,42500.0
KIA,3778.0,291.0,240.0,7.0,Petrol,5,355.0,51000.0
Peugeot,1598.0,225.0,210.0,7.5,Hybrid,5,360.0,44000.0
KIA,2813.6,320.0,230.0,5.0,Electric,5,450.0,58000.0
KIA,1591.0,139.0,180.0,10.5,Hybrid,5,265.0,33000.0
KIA,1591.0,201.0,200.0,6.5,Petrol,5,264.0,25000.0
KIA,1999.0,146.0,190.0,9.0,Petrol,5,179.0,23500.0
Peugeot,1598.0,225.0,210.0,7.0,Hybrid,5,360.0,42000.0
KIA,2500.0,191.0,210.0,8.5,Petrol,5,246.0,35500.0
KIA,3778.0,291.0,240.0,7.0,Petrol,5,355.0,44000.0
KIA,1999.0,147.0,190.0,9.5,Petrol,5,179.0,22000.0
KIA,1999.0,147.0,190.0,9.2,Petrol,5,179.0,18500.0
KIA,1591.0,180.0,220.0,7.8,Petrol,5,264.0,29000.0
KIA,3500.0,290.0,220.0,8.0,Petrol,5,355.0,39500.0
KIA,2813.6,225.0,190.0,5.2,Electric,5,350.0,46000.0
KIA,1591.0,139.0,180.0,10.5,Hybrid,5,265.0,30000.0
KIA,3300.0,365.0,270.0,4.7,Petrol,5,510.0,51500.0
KIA,1591.0,227.0,200.0,7.9,Hybrid,5,352.0,48000.0
KIA,3778.0,291.0,240.0,7.0,Petrol,5,355.0,52000.0
Peugeot,1598.0,300.0,235.0,6.0,Hybrid,5,520.0,47000.0
KIA,2813.6,577.0,260.0,3.5,Electric,5,740.0,65000.0
KIA,1591.0,139.0,180.0,10.5,Hybrid,5,265.0,34500.0
KIA,3500.0,290.0,220.0,8.0,Petrol,5,355.0,47000.0
KIA,1591.0,175.0,210.0,7.5,Petrol,5,264.0,32000.0
KIA,1999.0,147.0,190.0,9.2,Petrol,5,179.0,22500.0
KIA,1999.0,147.0,190.0,9.5,Petrol,5,179.0,23500.0
KIA,1591.0,120.0,180.0,10.3,Petrol,5,151.0,17500.0
KIA,1591.0,120.0,180.0,10.3,Petrol,5,151.0,18000.0
KIA,1999.0,147.0,190.0,9.5,Petrol,5,179.0,20500.0
KIA,1999.0,146.0,190.0,9.2,Petrol,5,179.0,23000.0
Peugeot,1599.0,300.0,235.0,6.0,Hybrid,5,520.0,45000.0
KIA,1591.0,227.0,200.0,7.9,Hybrid,5,352.0,47000.0
KIA,3778.0,291.0,240.0,7.0,Petrol,5,355.0,41500.0
KIA,3500.0,290.0,220.0,8.0,Petrol,5,355.0,43500.0
KIA,2813.6,320.0,230.0,5.0,Electric,5,450.0,60000.0
KIA,1591.0,201.0,200.0,6.5,Petrol,5,264.0,25500.0
KIA,1999.0,147.0,190.0,9.5,Petrol,5,179.0,23000.0
KIA,1591.0,175.0,210.0,7.5,Petrol,5,264.0,30000.0
Peugeot,2813.6,136.0,200.0,8.5,Electric,5,260.0,40000.0
KIA,3778.0,291.0,240.0,7.0,Petrol,5,355.0,53000.0
KIA,2500.0,300.0,270.0,5.0,Petrol,5,422.0,50000.0
KIA,3500.0,290.0,220.0,8.0,Petrol,5,355.0,45500.0
KIA,1591.0,139.0,180.0,10.5,Hybrid,5,265.0,36000.0
KIA,2813.6,320.0,230.0,5.0,Electric,5,450.0,62000.0
KIA,1591.0,227.0,200.0,7.8,Hybrid,5,352.0,49000.0
KIA,1999.0,147.0,190.0,9.2,Petrol,5,179.0,22500.0
Bugatti,5603.0,690.5,330.0,2.5,Petrol,5,930.0,124332.5
Bugatti,5603.0,690.5,330.0,2.3,Petrol,5,930.0,124332.5
Bugatti,5603.0,690.5,330.0,2.4,Petrol,5,930.0,124332.5
Bugatti,5603.0,690.5,330.0,2.4,Petrol,5,930.0,124332.5
Bugatti,5603.0,690.5,330.0,2.5,Petrol,5,930.0,124332.5
Bugatti,5603.0,690.5,330.0,2.4,Petrol,5,930.0,124332.5
Bugatti,5603.0,690.5,330.0,2.4,Petrol,5,930.0,124332.5
Bugatti,5603.0,690.5,330.0,2.5,Petrol,5,930.0,124332.5
Bugatti,5603.0,690.5,330.0,2.2,Petrol,5,930.0,124332.5
Bugatti,5603.0,690.5,330.0,2.4,Petrol,5,930.0,124332.5
Volvo,5603.0,540.0,120.0,15.0,Diesel,5,930.0,120000.0
Volvo,5603.0,690.5,120.0,14.5,Diesel,5,930.0,124332.5
Volvo,5603.0,460.0,110.0,16.0,Diesel,5,930.0,100000.0
Volvo,5603.0,500.0,110.0,16.2,Diesel,5,930.0,110000.0
Volvo,5603.0,500.0,120.0,15.0,Diesel,5,930.0,124332.5
Volvo,5603.0,400.0,110.0,16.2,Diesel,5,930.0,95000.0
Volvo,5603.0,500.0,100.0,16.2,Diesel,5,930.0,120000.0
Volvo,5603.0,280.0,90.0,16.2,Diesel,5,930.0,85000.0
Volvo,5100.0,180.0,90.0,16.2,Diesel,5,800.0,75000.0
Jaguar Land Rover,2995.0,335.0,260.0,5.1,Petrol,5,450.0,70000.0
Jaguar Land Rover,2995.0,335.0,260.0,5.1,Petrol,5,450.0,70000.0
Jaguar Land Rover,1999.0,250.0,250.0,6.5,Petrol,5,365.0,45000.0
Jaguar Land Rover,1999.0,250.0,250.0,6.5,Petrol,5,365.0,50000.0
Jaguar Land Rover,2995.0,300.0,250.0,6.0,Petrol,5,400.0,85000.0
Jaguar Land Rover,1999.0,200.0,230.0,7.0,Petrol,5,430.0,50000.0
Jaguar Land Rover,2813.6,400.0,200.0,4.8,Electric,5,696.0,70000.0
Jaguar Land Rover,1999.0,250.0,230.0,7.2,Petrol,5,365.0,55000.0
Jaguar Land Rover,1999.0,250.0,230.0,7.2,Petrol,5,365.0,55000.0
Jaguar Land Rover,1999.0,340.0,230.0,7.2,Petrol,5,365.0,55000.0
Jaguar Land Rover,1999.0,340.0,230.0,7.2,Petrol,5,365.0,55000.0
Jaguar Land Rover,1999.0,250.0,230.0,5.4,Petrol,5,365.0,55000.0
Jaguar Land Rover,1999.0,250.0,230.0,5.4,Petrol,5,365.0,55000.0
Jaguar Land Rover,1999.0,340.0,230.0,5.4,Petrol,5,365.0,55000.0
Jaguar Land Rover,1999.0,340.0,230.0,5.4,Petrol,5,365.0,55000.0
Jaguar Land Rover,1999.0,250.0,230.0,7.2,Petrol,5,365.0,65000.0
Jaguar Land Rover,1999.0,250.0,230.0,7.2,Petrol,5,365.0,65000.0
Jaguar Land Rover,1999.0,340.0,230.0,7.2,Petrol,5,365.0,65000.0
Jaguar Land Rover,1999.0,340.0,230.0,7.2,Petrol,5,365.0,65000.0
Jaguar Land Rover,1999.0,250.0,230.0,5.4,Petrol,5,365.0,65000.0
Jaguar Land Rover,1999.0,250.0,230.0,5.4,Petrol,5,365.0,65000.0
Jaguar Land Rover,1999.0,340.0,230.0,5.4,Petrol,5,365.0,65000.0
Jaguar Land Rover,1999.0,340.0,230.0,5.4,Petrol,5,365.0,65000.0
Jaguar Land Rover,1999.0,250.0,230.0,7.2,Petrol,5,480.0,55000.0
Jaguar Land Rover,1999.0,250.0,230.0,7.2,Petrol,5,480.0,55000.0
Jaguar Land Rover,1999.0,340.0,230.0,7.2,Petrol,5,480.0,55000.0
Jaguar Land Rover,1999.0,340.0,230.0,7.2,Petrol,5,480.0,55000.0
Jaguar Land Rover,1999.0,250.0,230.0,5.4,Petrol,5,480.0,55000.0
Jaguar Land Rover,1999.0,250.0,230.0,5.4,Petrol,5,480.0,55000.0
Jaguar Land Rover,1999.0,340.0,230.0,5.4,Petrol,5,480.0,55000.0
Jaguar Land Rover,1999.0,340.0,230.0,5.4,Petrol,5,480.0,55000.0
Jaguar Land Rover,1999.0,250.0,230.0,7.2,Petrol,5,480.0,65000.0
Jaguar Land Rover,1999.0,250.0,230.0,7.2,Petrol,5,480.0,65000.0
Jaguar Land Rover,1999.0,340.0,230.0,7.2,Petrol,5,480.0,65000.0
Jaguar Land Rover,1999.0,340.0,230.0,7.2,Petrol,5,480.0,65000.0
Jaguar Land Rover,1999.0,250.0,230.0,5.4,Petrol,5,480.0,65000.0
Jaguar Land Rover,1999.0,250.0,230.0,5.4,Petrol,5,480.0,65000.0
Jaguar Land Rover,1999.0,340.0,230.0,5.4,Petrol,5,480.0,65000.0
Jaguar Land Rover,1999.0,340.0,230.0,5.4,Petrol,5,480.0,65000.0
Jaguar Land Rover,2995.0,250.0,230.0,7.2,Petrol,5,365.0,55000.0
Jaguar Land Rover,2995.0,250.0,230.0,7.2,Petrol,5,365.0,55000.0
Jaguar Land Rover,2995.0,340.0,230.0,7.2,Petrol,5,365.0,55000.0
Jaguar Land Rover,2995.0,340.0,230.0,7.2,Petrol,5,365.0,55000.0
Jaguar Land Rover,2995.0,250.0,230.0,5.4,Petrol,5,365.0,55000.0
Jaguar Land Rover,2995.0,250.0,230.0,5.4,Petrol,5,365.0,55000.0
Jaguar Land Rover,2995.0,340.0,230.0,5.4,Petrol,5,365.0,55000.0
Jaguar Land Rover,2995.0,340.0,230.0,5.4,Petrol,5,365.0,55000.0
Jaguar Land Rover,2995.0,250.0,230.0,7.2,Petrol,5,365.0,65000.0
Jaguar Land Rover,2995.0,250.0,230.0,7.2,Petrol,5,365.0,65000.0
Jaguar Land Rover,2995.0,340.0,230.0,7.2,Petrol,5,365.0,65000.0
Jaguar Land Rover,2995.0,340.0,230.0,7.2,Petrol,5,365.0,65000.0
Jaguar Land Rover,2995.0,250.0,230.0,5.4,Petrol,5,365.0,65000.0
Jaguar Land Rover,2995.0,250.0,230.0,5.4,Petrol,5,365.0,65000.0
Jaguar Land Rover,2995.0,340.0,230.0,5.4,Petrol,5,365.0,65000.0
Jaguar Land Rover,2995.0,340.0,230.0,5.4,Petrol,5,365.0,65000.0
Jaguar Land Rover,2995.0,250.0,230.0,7.2,Petrol,5,480.0,55000.0
Jaguar Land Rover,2995.0,250.0,230.0,7.2,Petrol,5,480.0,55000.0
Jaguar Land Rover,2995.0,340.0,230.0,7.2,Petrol,5,480.0,55000.0
Jaguar Land Rover,2995.0,340.0,230.0,7.2,Petrol,5,480.0,55000.0
Jaguar Land Rover,2995.0,250.0,230.0,5.4,Petrol,5,480.0,55000.0
Jaguar Land Rover,2995.0,250.0,230.0,5.4,Petrol,5,480.0,55000.0
Jaguar Land Rover,2995.0,340.0,230.0,5.4,Petrol,5,480.0,55000.0
Jaguar Land Rover,2995.0,340.0,230.0,5.4,Petrol,5,480.0,55000.0
Jaguar Land Rover,2995.0,250.0,230.0,7.2,Petrol,5,480.0,65000.0
Jaguar Land Rover,2995.0,250.0,230.0,7.2,Petrol,5,480.0,65000.0
Jaguar Land Rover,2995.0,340.0,230.0,7.2,Petrol,5,480.0,65000.0
Jaguar Land Rover,2995.0,340.0,230.0,7.2,Petrol,5,480.0,65000.0
Jaguar Land Rover,2995.0,250.0,230.0,5.4,Petrol,5,480.0,65000.0
Jaguar Land Rover,2995.0,250.0,230.0,5.4,Petrol,5,480.0,65000.0
Jaguar Land Rover,2995.0,340.0,230.0,5.4,Petrol,5,480.0,65000.0
Jaguar Land Rover,2995.0,340.0,230.0,5.4,Petrol,5,480.0,65000.0
Jaguar Land Rover,1998.0,160.0,215.0,9.0,Petrol,5,215.0,40000.0
Jaguar Land Rover,1998.0,340.0,250.0,5.4,Petrol,5,480.0,65000.0
Jaguar Land Rover,1998.0,340.0,250.0,5.4,Petrol,5,480.0,65000.0
Jaguar Land Rover,2995.0,340.0,250.0,5.4,Petrol,5,480.0,65000.0
Jaguar Land Rover,2995.0,340.0,250.0,5.4,Petrol,5,480.0,65000.0
Jaguar Land Rover,1999.0,340.0,250.0,5.4,Petrol,5,450.0,60000.0
Jaguar Land Rover,5000.0,575.0,320.0,3.7,Petrol,5,700.0,120000.0
Jaguar Land Rover,2813.6,400.0,200.0,4.5,Electric,5,696.0,85000.0
Jaguar Land Rover,5000.0,550.0,283.0,4.0,Petrol,5,700.0,85000.0
Jaguar Land Rover,1999.0,340.0,250.0,5.3,Petrol,5,450.0,55000.0
Jaguar Land Rover,1999.0,340.0,250.0,5.4,Petrol,5,480.0,65000.0
Jaguar Land Rover,1999.0,340.0,250.0,5.4,Petrol,5,480.0,65000.0
Jaguar Land Rover,2995.0,340.0,250.0,5.4,Petrol,5,480.0,65000.0
Jaguar Land Rover,2995.0,340.0,250.0,5.4,Petrol,5,480.0,65000.0
Jaguar Land Rover,2995.0,300.0,250.0,6.0,Petrol,5,400.0,90000.0
Jaguar Land Rover,5000.0,550.0,300.0,3.9,Petrol,5,680.0,110000.0
Jaguar Land Rover,1999.0,200.0,230.0,7.0,Petrol,5,430.0,50000.0
Jaguar Land Rover,2813.6,400.0,200.0,4.5,Electric,5,696.0,90000.0
Jaguar Land Rover,5000.0,550.0,300.0,3.9,Petrol,5,680.0,100000.0
Jaguar Land Rover,1999.0,300.0,250.0,5.1,Petrol,5,400.0,70000.0
Jaguar Land Rover,1999.0,300.0,250.0,5.1,Petrol,5,400.0,70000.0
Jaguar Land Rover,2995.0,300.0,250.0,5.1,Petrol,5,400.0,70000.0
Jaguar Land Rover,2995.0,300.0,250.0,5.1,Petrol,5,400.0,70000.0
Jaguar Land Rover,1999.0,300.0,250.0,5.5,Petrol,5,400.0,55000.0
Jaguar Land Rover,1999.0,250.0,250.0,6.5,Petrol,5,400.0,60000.0
Jaguar Land Rover,1999.0,250.0,250.0,6.5,Petrol,5,400.0,60000.0
Jaguar Land Rover,2995.0,250.0,250.0,6.5,Petrol,5,400.0,60000.0
Jaguar Land Rover,2995.0,250.0,250.0,6.5,Petrol,5,400.0,60000.0
Jaguar Land Rover,2813.6,400.0,200.0,4.5,Electric,5,696.0,85000.0
Jaguar Land Rover,1999.0,247.0,225.0,6.4,Petrol,5,365.0,60000.0
Jaguar Land Rover,1999.0,246.0,230.0,6.8,Petrol,5,430.0,55000.0
Jaguar Land Rover,2995.0,300.0,250.0,6.0,Petrol,5,400.0,80000.0
Jaguar Land Rover,5000.0,550.0,300.0,3.9,Petrol,5,680.0,100000.0
Jaguar Land Rover,1999.0,340.0,250.0,5.4,Petrol,5,480.0,65000.0
Jaguar Land Rover,1999.0,340.0,250.0,5.4,Petrol,5,480.0,65000.0
Jaguar Land Rover,2995.0,340.0,250.0,5.4,Petrol,5,480.0,65000.0
Jaguar Land Rover,2995.0,340.0,250.0,5.4,Petrol,5,480.0,65000.0
Jaguar Land Rover,1999.0,250.0,240.0,6.2,Petrol,5,365.0,50000.0
Jaguar Land Rover,2995.0,380.0,280.0,4.8,Petrol,5,460.0,80000.0
Jaguar Land Rover,1999.0,300.0,250.0,5.5,Petrol,5,480.0,55000.0
Jaguar Land Rover,1999.0,300.0,250.0,5.5,Petrol,5,480.0,55000.0
Jaguar Land Rover,2995.0,300.0,250.0,5.5,Petrol,5,400.0,55000.0
Jaguar Land Rover,2995.0,300.0,250.0,5.5,Petrol,5,400.0,55000.0
Jaguar Land Rover,1999.0,340.0,250.0,5.4,Petrol,5,450.0,60000.0
Jaguar Land Rover,1999.0,340.0,250.0,5.4,Petrol,5,450.0,60000.0
Jaguar Land Rover,2995.0,340.0,250.0,5.4,Petrol,5,450.0,60000.0
Jaguar Land Rover,2995.0,340.0,250.0,5.4,Petrol,5,450.0,60000.0
Jaguar Land Rover,5000.0,550.0,300.0,3.9,Petrol,5,680.0,100000.0
Jaguar Land Rover,2813.6,400.0,200.0,4.5,Electric,5,696.0,85000.0
Jaguar Land Rover,1999.0,340.0,250.0,5.4,Petrol,5,480.0,65000.0
Jaguar Land Rover,1999.0,340.0,250.0,5.4,Petrol,5,481.0,65000.0
Jaguar Land Rover,2995.0,340.0,250.0,5.4,Petrol,5,480.0,65000.0
Jaguar Land Rover,2995.0,340.0,250.0,5.4,Petrol,5,481.0,65000.0
Jaguar Land Rover,5000.0,510.0,280.0,4.2,Petrol,5,625.0,90000.0
Jaguar Land Rover,5000.0,450.0,290.0,4.0,Petrol,5,600.0,90000.0
Jaguar Land Rover,1999.0,398.0,220.0,5.1,Plug-in Hybrid,5,640.0,75000.0
Jaguar Land Rover,1999.0,300.0,250.0,5.5,Petrol,5,400.0,60000.0
Acura,3493.0,600.0,307.0,2.9,Hybrid,5,666.0,124332.5
Acura,3500.0,290.0,250.0,5.7,Petrol,5,362.0,62000.0
Acura,3500.0,290.0,190.0,6.0,Petrol,5,362.0,60000.0
Acura,1500.0,272.0,210.0,6.6,Petrol,5,400.0,45000.0
Acura,2400.0,201.0,200.0,6.6,Petrol,5,180.0,30000.0
Acura,3500.0,290.0,250.0,5.7,Petrol,5,362.0,50000.0
Acura,1500.0,272.0,210.0,6.6,Petrol,5,400.0,50000.0
Acura,3500.0,290.0,190.0,6.0,Petrol,5,362.0,55000.0
Acura,1500.0,272.0,210.0,6.6,Petrol,5,400.0,55000.0
Acura,3500.0,290.0,250.0,5.7,Petrol,5,362.0,50000.0
Acura,2400.0,206.0,210.0,6.0,Petrol,5,247.0,35000.0
Acura,3500.0,321.0,190.0,6.0,Hybrid,5,335.0,55000.0
Acura,1500.0,247.0,210.0,6.6,Hybrid,5,400.0,50000.0
Acura,2400.0,201.0,200.0,6.6,Petrol,5,180.0,30000.0
Acura,3493.0,500.0,300.0,3.0,Hybrid,5,600.0,124332.5
Acura,1500.0,272.0,210.0,6.6,Petrol,5,400.0,45000.0
Acura,3500.0,290.0,250.0,5.7,Petrol,5,362.0,50000.0
Acura,2400.0,201.0,200.0,6.6,Petrol,5,180.0,30000.0
Acura,3500.0,290.0,190.0,6.0,Petrol,5,362.0,55000.0
Acura,3493.0,537.0,307.0,2.9,Hybrid,5,666.0,124332.5
Acura,3500.0,290.0,190.0,6.0,Petrol,5,362.0,58000.0
Acura,3500.0,290.0,250.0,5.7,Petrol,5,362.0,46000.0
Acura,3493.0,537.0,307.0,2.9,Hybrid,5,666.0,124332.5
Acura,1500.0,272.0,210.0,6.6,Petrol,5,400.0,42000.0
Acura,2400.0,201.0,200.0,6.6,Petrol,5,180.0,28000.0
Acura,3000.0,355.0,250.0,5.1,Petrol,5,480.0,54000.0
Acura,3500.0,321.0,190.0,6.0,Hybrid,5,335.0,52000.0
Peugeot,1199.0,82.0,180.0,10.5,Petrol,5,160.0,22000.0
Peugeot,1199.0,100.0,190.0,9.0,Petrol,5,205.0,25000.0
Peugeot,1598.0,115.0,185.0,10.0,Petrol,5,150.0,23500.0
Peugeot,1598.0,130.0,200.0,8.0,Petrol,5,230.0,28000.0
Peugeot,1598.0,180.0,210.0,7.5,Petrol,5,400.0,32000.0
Peugeot,1998.0,165.0,200.0,9.5,Diesel,5,400.0,35000.0
Peugeot,1998.0,180.0,235.0,8.0,Petrol,5,300.0,35500.0
Peugeot,1560.0,75.0,160.0,12.0,Diesel,5,200.0,22500.0
Peugeot,1997.0,120.0,180.0,10.0,Diesel,5,300.0,30000.0
Peugeot,2200.0,140.0,160.0,11.0,Diesel,5,340.0,32000.0
Peugeot,2813.6,136.0,150.0,8.1,Electric,5,260.0,35000.0
Peugeot,2813.6,136.0,150.0,8.5,Electric,5,260.0,38000.0
Peugeot,1598.0,208.0,230.0,6.5,Petrol,5,300.0,28000.0
Peugeot,1598.0,270.0,250.0,6.0,Petrol,5,330.0,35000.0
Peugeot,1598.0,360.0,250.0,5.2,Hybrid,5,520.0,55000.0
Peugeot,1199.0,130.0,205.0,9.3,Petrol,5,230.0,25000.0
Peugeot,1199.0,130.0,200.0,9.7,Petrol,5,230.0,27000.0
Peugeot,1499.0,180.0,210.0,8.0,Petrol,5,250.0,30000.0
Peugeot,1499.0,180.0,200.0,8.5,Petrol,5,250.0,33000.0
Peugeot,1499.0,180.0,225.0,8.0,Petrol,5,250.0,35000.0
Peugeot,1598.0,200.0,220.0,7.5,Petrol,5,280.0,35000.0
Peugeot,1598.0,225.0,235.0,6.8,Petrol,5,300.0,40000.0
Peugeot,1598.0,300.0,235.0,6.0,Hybrid,5,400.0,45000.0
Peugeot,1598.0,300.0,210.0,6.5,Hybrid,5,400.0,48000.0
Peugeot,1199.0,130.0,200.0,9.5,Petrol,5,230.0,28000.0
Peugeot,1560.0,100.0,170.0,12.0,Diesel,5,260.0,25000.0
Peugeot,1997.0,120.0,160.0,13.0,Diesel,5,320.0,30000.0
Peugeot,2200.0,130.0,140.0,14.0,Diesel,5,350.0,35000.0
Peugeot,2200.0,136.0,130.0,9.0,Electric,5,260.0,40000.0
Peugeot,2200.0,136.0,130.0,9.5,Electric,5,260.0,45000.0
Peugeot,1598.0,225.0,250.0,5.5,Hybrid,5,360.0,45000.0
Peugeot,1598.0,360.0,250.0,5.0,Hybrid,5,520.0,55000.0
Peugeot,1598.0,360.0,250.0,5.2,Hybrid,5,520.0,60000.0
Peugeot,1598.0,300.0,235.0,6.0,Hybrid,5,400.0,50000.0
Peugeot,1199.0,100.0,190.0,11.2,Petrol,5,205.0,22000.0
Peugeot,1499.0,130.0,200.0,10.0,Petrol,5,240.0,30000.0
Peugeot,1499.0,130.0,190.0,10.5,Petrol,5,240.0,33000.0
Peugeot,1499.0,130.0,200.0,9.8,Petrol,5,240.0,32000.0
Peugeot,1499.0,130.0,190.0,10.2,Petrol,5,240.0,35000.0
Peugeot,1598.0,180.0,210.0,8.5,Petrol,5,250.0,35000.0
Peugeot,1598.0,180.0,200.0,9.0,Petrol,5,250.0,38000.0
Peugeot,1199.0,130.0,200.0,9.3,Petrol,5,230.0,25000.0
Peugeot,1598.0,180.0,210.0,8.2,Petrol,5,250.0,40000.0
Peugeot,1598.0,180.0,220.0,8.4,Petrol,5,300.0,35000.0
Peugeot,1598.0,180.0,210.0,8.6,Petrol,5,300.0,37000.0
Peugeot,1199.0,130.0,200.0,9.0,Petrol,5,230.0,28000.0
Peugeot,1199.0,82.0,180.0,12.0,Petrol,5,115.0,20000.0
Peugeot,1199.0,100.0,190.0,11.2,Petrol,5,205.0,22000.0
Ford,1750.0,205.0,220.0,7.5,Petrol,5,300.0,32500.0
Ford,1750.0,205.0,220.0,7.5,Petrol,5,300.0,32500.0
Ford,1750.0,205.0,220.0,7.5,Hybrid,5,300.0,32500.5
Ford,1750.0,205.0,220.0,7.5,Hybrid,5,300.0,32500.0
Ford,2750.0,282.5,220.0,6.5,Petrol,5,400.0,37500.0
Ford,2750.0,282.5,220.0,6.5,Petrol,5,400.0,37500.0
Ford,1250.0,142.5,200.0,7.0,Petrol,5,210.0,20000.0
Ford,1250.0,142.5,200.0,7.0,Petrol,5,210.0,20000.0
Ford,1500.0,210.0,220.0,6.5,Petrol,5,275.0,25000.0
Ford,1500.0,210.0,220.0,6.5,Petrol,5,275.0,25000.0
Ford,1500.0,210.0,220.0,6.5,Petrol,5,275.0,25000.0
Ford,1200.0,77.5,165.0,10.5,Petrol,5,120.0,13500.0
Ford,1500.0,144.5,180.0,9.0,Petrol,5,185.0,22500.0
Ford,1500.0,144.5,180.0,9.0,Petrol,5,185.0,22500.0
Ford,2000.0,190.5,190.0,7.5,Petrol,5,215.0,31500.0
Ford,2000.0,190.5,190.0,7.5,Petrol,5,215.0,31500.0
Ford,2000.0,190.5,190.0,7.5,Hybrid,5,215.0,31500.0
Ford,2000.0,190.5,190.0,7.5,Hybrid,5,215.0,31500.0
Ford,2350.0,292.5,200.0,6.5,Petrol,5,437.5,40000.0
Ford,2350.0,292.5,200.0,6.5,Petrol,5,437.5,40000.0
Ford,2650.0,350.0,200.0,6.0,Petrol,5,460.0,45000.0
Ford,2650.0,350.0,200.0,6.0,Petrol,5,460.0,45000.0
Ford,4450.0,387.5,180.0,6.5,Petrol,5,725.0,62500.0
Ford,4450.0,387.5,180.0,6.5,Petrol,5,725.0,62500.0
Ford,2500.0,292.5,200.0,7.5,Petrol,5,500.0,42500.0
Ford,2650.0,292.5,200.0,7.5,Petrol,5,500.0,42500.0
Ford,1750.0,215.5,185.0,7.0,Petrol,5,312.5,32000.0
Ford,1750.0,215.5,185.0,7.0,Petrol,5,312.5,32000.0
Ford,4150.0,370.0,200.0,5.8,Petrol,5,550.0,55000.0
Ford,4150.0,370.0,200.0,5.8,Petrol,5,550.0,55000.0
Ford,4150.0,370.0,200.0,5.8,Petrol,5,550.0,55000.0
Ford,4150.0,370.0,200.0,5.8,Diesel,5,550.0,55000.0
Ford,4150.0,370.0,200.0,5.8,Diesel,5,550.0,55000.0
Ford,4150.0,370.0,200.0,5.8,Diesel,5,550.0,55000.0
Ford,5603.0,430.0,180.0,6.8,Petrol,5,875.0,55000.0
Ford,5603.0,430.0,180.0,6.8,Petrol,5,875.0,55000.0
Ford,5603.0,430.0,180.0,6.8,Petrol,5,875.0,55000.0
Ford,5603.0,430.0,180.0,6.8,Diesel,5,875.0,55000.0
Ford,5603.0,430.0,180.0,6.8,Diesel,5,875.0,55000.0
Ford,5603.0,430.0,180.0,6.8,Diesel,5,875.0,55000.0
Ford,5603.0,462.5,180.0,7.5,Diesel,5,930.0,60000.0
Ford,5603.0,462.5,180.0,7.5,Diesel,5,930.0,60000.0
Ford,2250.0,220.5,180.0,7.2,Hybrid,5,315.0,26000.0
Ford,2250.0,220.5,180.0,7.2,Hybrid,5,315.0,26000.0
Ford,2250.0,220.5,180.0,7.2,Petrol,5,315.0,26000.0
Ford,2250.0,220.5,180.0,7.2,Petrol,5,315.0,26000.0
Ford,2500.0,297.5,180.0,6.5,Petrol,5,470.0,35000.0
Ford,2500.0,297.5,180.0,6.5,Petrol,5,470.0,35000.0
Ford,2500.0,297.5,180.0,6.5,Diesel,5,470.0,35000.0
Ford,2500.0,297.5,180.0,6.5,Diesel,5,470.0,35000.0
Ford,2813.6,385.0,180.0,3.5,Electric,5,430.0,52000.0
Ford,2813.6,452.0,180.0,4.5,Electric,5,930.0,65000.0
Ford,2500.0,200.0,180.0,7.7,Hybrid,5,210.0,33000.0
Ford,3300.0,318.0,180.0,7.5,Hybrid,5,500.0,52500.0
Ford,5000.0,450.0,250.0,4.3,Petrol,5,530.0,55000.0
Ford,3500.0,660.0,330.0,3.0,Petrol,5,746.0,124332.5
Ford,2300.0,280.0,250.0,5.7,Petrol,5,420.0,30000.0
Ford,1500.0,200.0,230.0,6.5,Petrol,5,290.0,23000.0
Ford,3000.0,400.0,220.0,5.5,Petrol,5,583.0,70000.0
Ford,2700.0,392.0,200.0,6.0,Petrol,5,583.0,45000.0
Ford,3500.0,450.0,200.0,5.0,Petrol,5,691.0,70000.0
Ford,1000.0,123.0,191.0,9.6,Petrol,5,200.0,28000.0
Ford,1500.0,140.0,180.0,11.0,Petrol,5,225.0,32000.0
Ford,2000.0,210.0,190.0,10.5,Diesel,5,500.0,52000.0
Ford,3500.0,287.0,200.0,7.9,Petrol,5,345.0,31000.0
Ford,2000.0,170.0,160.0,12.0,Diesel,5,405.0,43455.0
Ford,2000.0,162.0,175.0,10.5,Petrol,5,200.0,29365.0
Ford,5603.0,475.0,165.0,8.5,Diesel,5,930.0,61625.0
Ford,5603.0,475.0,165.0,8.8,Diesel,5,930.0,64540.0
Ford,5200.0,690.5,290.0,3.5,Petrol,5,847.0,79420.0
Ford,5200.0,526.0,280.0,4.0,Petrol,5,582.0,59140.0
Ford,3500.0,400.0,180.0,6.5,Petrol,5,678.0,64695.0
Ford,3500.0,450.0,190.0,6.1,Petrol,5,678.0,84910.0
Ford,3000.0,400.0,230.0,6.0,Petrol,5,563.0,56505.0
Ford,3500.0,440.0,210.0,6.8,Petrol,5,691.0,79560.0
Ford,2000.0,130.0,160.0,12.5,Diesel,5,385.0,35000.0
Ford,5603.0,350.0,140.0,13.0,Petrol,5,569.0,36000.0
Ford,2000.0,170.0,160.0,11.5,Diesel,5,405.0,37000.0
Ford,2813.6,266.0,140.0,9.0,Electric,5,430.0,52000.0
Ford,3000.0,457.0,225.0,6.0,Hybrid,5,825.0,53000.0
Ford,2500.0,191.0,180.0,7.8,Hybrid,5,210.0,25000.0
Ford,5000.0,450.0,250.0,4.5,Petrol,5,570.0,60000.0
Ford,2000.0,210.0,180.0,8.0,Diesel,5,500.0,40000.0
Ford,2500.0,221.0,190.0,7.5,Hybrid,5,210.0,38000.0
Ford,2700.0,310.0,200.0,6.7,Petrol,5,542.0,45000.0
Ford,3000.0,400.0,230.0,5.9,Petrol,5,563.0,55000.0
Mitsubishi,1200.0,78.0,170.0,12.0,Petrol,5,100.0,17000.0
Mitsubishi,1200.0,78.0,170.0,12.0,Petrol,5,100.0,18000.0
Mitsubishi,2500.0,181.0,190.0,9.5,Petrol,5,245.0,31500.0
Mitsubishi,2400.0,248.0,170.0,10.5,Hybrid,5,300.0,41000.0
Mitsubishi,2813.6,248.0,170.0,10.5,Hybrid,5,300.0,41000.5
Mitsubishi,1500.0,152.0,180.0,9.8,Petrol,5,250.0,26500.0
Mitsubishi,2000.0,148.0,190.0,10.0,Petrol,5,197.0,24500.0
Mitsubishi,3200.0,189.0,180.0,10.5,Diesel,5,441.0,42500.0
Mitsubishi,2400.0,181.0,180.0,11.0,Diesel,5,430.0,37500.0
Mitsubishi,2400.0,181.0,177.0,10.5,Diesel,5,430.0,30000.0
Mitsubishi,2000.0,291.0,240.0,5.0,Petrol,5,407.0,45000.0
Mitsubishi,2813.6,66.0,130.0,15.0,Electric,5,196.0,24500.0
Mitsubishi,1500.0,105.0,170.0,13.5,Petrol,5,141.0,22500.0
Mitsubishi,2200.0,145.0,175.0,11.0,Diesel,5,360.0,37500.0
Mitsubishi,1300.0,112.5,180.0,10.5,Petrol,5,140.0,17500.0
Mitsubishi,1300.0,112.5,180.0,10.5,Petrol,5,140.0,17500.0
Mitsubishi,2400.0,165.0,190.0,11.0,Petrol,5,217.0,27500.0
Mitsubishi,2500.0,181.0,190.0,9.5,Petrol,5,245.0,33500.0
Mitsubishi,2500.0,181.0,190.0,9.5,Petrol,5,245.0,32500.0
Mitsubishi,2500.0,181.0,190.0,9.5,Petrol,5,245.0,30500.0
Mitsubishi,1500.0,152.0,180.0,9.8,Petrol,5,250.0,29000.0
Mitsubishi,2000.0,148.0,190.0,10.0,Petrol,5,197.0,27000.0
Mitsubishi,2400.0,181.0,177.0,10.5,Diesel,5,430.0,31000.0
Mitsubishi,3200.0,189.0,180.0,10.5,Diesel,5,441.0,47500.0
Mitsubishi,2400.0,181.0,177.0,10.5,Diesel,5,430.0,32500.0
Mitsubishi,1200.0,78.0,170.0,12.0,Petrol,5,100.0,16000.0
Mitsubishi,1800.0,132.5,200.0,10.0,Petrol,5,175.5,22500.0
Mitsubishi,1800.0,132.5,200.0,10.0,Petrol,5,175.5,22500.0
Mitsubishi,2400.0,181.0,180.0,11.0,Diesel,5,430.0,37500.0
Mitsubishi,1200.0,78.0,170.0,12.5,Petrol,5,100.0,16000.0
Mitsubishi,2000.0,148.0,190.0,10.5,Petrol,5,197.0,24000.0
Mitsubishi,2100.0,145.0,175.0,11.5,Diesel,5,360.0,32500.0
Mitsubishi,2100.0,145.0,175.0,11.5,Diesel,5,360.0,32500.0
Mitsubishi,3000.0,150.0,120.0,7.9,Diesel,5,370.0,40000.0
Mitsubishi,1600.0,115.0,190.0,11.5,Petrol,5,154.0,18500.0
Mitsubishi,3200.0,189.0,180.0,10.5,Diesel,5,441.0,47500.0
Mitsubishi,1500.0,105.0,170.0,12.0,Petrol,5,141.0,22500.0
Mitsubishi,2400.0,188.0,180.0,10.5,Plug-in Hybrid,5,199.0,37500.0
Mitsubishi,2500.0,181.0,190.0,9.5,Petrol,5,245.0,29000.0
Mitsubishi,2400.0,181.0,180.0,11.0,Diesel,5,430.0,37500.0
Mitsubishi,2400.0,181.0,177.0,10.5,Diesel,5,430.0,31000.0
Mitsubishi,2000.0,148.0,190.0,10.0,Petrol,5,197.0,26500.0
Mitsubishi,1200.0,78.0,170.0,12.5,Petrol,5,100.0,16000.0
Mitsubishi,2500.0,181.0,190.0,9.5,Petrol,5,245.0,32500.0
Mitsubishi,5603.0,240.0,120.0,7.9,Diesel,5,686.0,80000.0
Mitsubishi,3000.0,150.0,120.0,7.9,Hybrid,5,370.0,55000.0
Mitsubishi,1800.0,140.0,185.0,10.5,Petrol,5,170.0,21500.0
Mitsubishi,660.0,52.0,130.0,15.0,Petrol,5,60.0,11000.0
Mitsubishi,2000.0,140.0,185.0,10.5,Petrol,5,170.0,21500.0
Mitsubishi,2000.0,148.0,200.0,10.0,Petrol,5,197.0,22500.0
Mitsubishi,3200.0,189.0,180.0,10.5,Diesel,5,441.0,47500.0
Mitsubishi,2400.0,145.0,170.0,13.0,Petrol,5,206.0,32500.0
Mitsubishi,660.0,64.0,130.0,15.5,Petrol,5,94.0,13500.0
Mitsubishi,2000.0,135.0,180.0,11.5,Petrol,5,181.0,16500.0
Mitsubishi,2400.0,160.0,190.0,11.0,Petrol,5,214.0,22500.0
Mitsubishi,660.0,52.0,130.0,15.0,Petrol,5,60.0,11000.0
Mitsubishi,660.0,64.0,140.0,13.5,Petrol,5,94.0,13500.0
Mitsubishi,1500.0,147.0,200.0,9.5,Petrol,5,210.0,27500.0
Mitsubishi,2000.0,154.0,200.0,10.0,Petrol,5,200.0,20000.0
Mitsubishi,3800.0,225.0,190.0,9.5,Petrol,5,343.0,31500.0
Mitsubishi,1800.0,138.0,190.0,11.5,Petrol,5,173.0,22500.0
Mitsubishi,3000.0,210.0,220.0,8.5,Petrol,5,270.0,37500.0
Mitsubishi,660.0,48.0,120.0,16.0,Petrol,5,60.0,11000.0
Mitsubishi,2813.6,64.0,100.0,7.9,Electric,5,196.0,19000.0
Mazda,2000.0,155.0,200.0,8.9,Petrol,5,213.0,24000.0
Mazda,2500.0,186.0,210.0,8.3,Petrol,5,252.0,26000.0
Mazda,2500.0,250.0,240.0,6.4,Petrol,5,420.0,31000.0
Mazda,2000.0,146.0,180.0,9.5,Petrol,5,197.0,23000.0
Mazda,2500.0,186.0,204.0,8.7,Petrol,5,252.0,25500.0
Mazda,2500.0,187.0,200.0,8.8,Petrol,5,252.0,29000.0
Mazda,2500.0,256.0,220.0,6.9,Petrol,5,434.0,32500.0
Mazda,2200.0,187.0,200.0,9.2,Diesel,5,450.0,39000.0
Mazda,2500.0,250.0,210.0,7.2,Petrol,5,420.0,41500.0
Mazda,3300.0,340.0,240.0,6.2,Petrol,5,500.0,55000.0
Mazda,2000.0,181.0,225.0,6.5,Petrol,5,205.0,30000.0
Mazda,2000.0,181.0,225.0,6.5,Petrol,5,205.0,36500.0
Mazda,2813.6,143.0,140.0,9.7,Electric,5,271.0,35000.0
Mazda,2000.0,158.0,190.0,9.6,Petrol,5,202.0,25000.0
Mazda,2300.0,244.0,210.0,7.9,Petrol,5,350.0,30500.0
Mazda,3000.0,200.0,190.0,9.0,Petrol,5,270.0,27000.0
Mazda,2500.0,143.0,170.0,11.5,Diesel,5,330.0,22500.0
Mazda,3200.0,200.0,180.0,10.0,Diesel,5,470.0,31000.0
Mazda,1300.0,276.0,250.0,5.5,Petrol,5,314.0,40000.0
Mazda,1200.0,110.0,180.0,8.9,Petrol,5,145.0,17500.0
Mazda,2813.6,400.0,300.0,7.9,Hybrid,5,468.3,116971.0
Mazda,1600.0,105.0,180.0,10.5,Petrol,5,145.0,16000.0
Mazda,1500.0,100.0,175.0,11.0,Petrol,5,135.0,14000.0
Mazda,2000.0,138.0,190.0,9.8,Petrol,5,180.0,21000.0
Mazda,1500.0,108.0,180.0,10.2,Petrol,5,142.0,15500.0
Mazda,2300.0,210.0,215.0,8.2,Petrol,5,280.0,27500.0
Mazda,2000.0,280.0,240.0,6.0,Petrol,5,300.0,45000.0
Mazda,2500.0,192.0,210.0,8.5,Petrol,5,252.0,25000.0
Mazda,1300.0,130.0,170.0,11.5,Petrol,5,165.0,22500.0
Mazda,2000.0,140.0,190.0,9.5,Petrol,5,180.0,20000.0
Mazda,3000.0,205.0,220.0,8.0,Petrol,5,270.0,27500.0
Mazda,1800.0,135.0,180.0,10.5,Petrol,5,170.0,17500.0
Mazda,1600.0,110.0,175.0,11.2,Petrol,5,145.0,16000.0
Mazda,660.0,63.0,140.0,15.5,Petrol,5,90.0,10500.0
Mazda,657.0,63.0,140.0,11.0,Petrol,5,85.0,15000.0
Mazda,660.0,54.0,130.0,16.0,Petrol,5,80.0,9000.0
Mazda,1500.0,113.0,170.0,11.0,Petrol,5,140.0,16000.0
Mazda,2500.0,164.0,210.0,8.8,Petrol,5,215.0,21000.0
Mazda,3000.0,200.0,185.0,9.5,Petrol,5,265.0,27500.0
Mazda,2600.0,120.0,160.0,12.0,Petrol,5,200.0,22500.0
Mazda,3000.0,200.0,200.0,9.0,Petrol,5,265.0,25000.0
Mazda,2500.0,160.0,190.0,8.5,Petrol,5,210.0,20000.0
Mazda,660.0,63.0,130.0,15.0,Petrol,5,85.0,10000.0
Mazda,1800.0,115.0,160.0,12.5,Petrol,5,155.0,22500.0
Mazda,3000.0,130.0,120.0,15.0,Diesel,5,300.0,27500.0
Mazda,2500.0,187.0,200.0,8.5,Petrol,5,250.0,42500.0
Mazda,2500.0,187.0,200.0,8.5,Diesel,5,250.0,42500.0
Mazda,3000.0,250.0,210.0,7.5,Petrol,5,400.0,47500.0
Mazda,1500.0,75.0,120.0,16.2,Petrol,5,105.0,16500.0
Mazda,2000.0,100.0,160.0,14.0,Petrol,5,140.0,20000.0
Mazda,2000.0,100.0,160.0,14.0,Diesel,5,140.0,20000.0
Mazda,2500.0,115.0,160.0,12.5,Petrol,5,160.0,22000.0
Mazda,2500.0,115.0,160.0,12.5,Diesel,5,160.0,22000.0
Mazda,1300.0,75.0,130.0,15.5,Petrol,5,110.0,11000.0
Mazda,1800.0,125.0,185.0,9.0,Petrol,5,170.0,16500.0
Mazda,2500.0,170.0,215.0,8.5,Petrol,5,230.0,27500.0
Mazda,3000.0,200.0,220.0,7.5,Petrol,5,260.0,32500.0
Mazda,1300.0,70.0,155.0,13.0,Petrol,5,110.0,13500.0
Mazda,1200.0,60.0,130.0,16.0,Petrol,5,90.0,11000.0
Mazda,1500.0,85.0,145.0,14.0,Petrol,5,120.0,13500.0
Mazda,1308.0,130.0,185.0,8.5,Petrol,5,220.0,22500.0
Mazda,1588.0,135.0,190.0,8.0,Petrol,5,210.0,27500.0
Mazda,1308.0,280.0,250.0,5.5,Petrol,5,290.0,37500.0
Mazda,1000.0,110.0,170.0,10.0,Petrol,5,150.0,32500.0
Mazda,1998.0,135.0,200.0,9.0,Petrol,5,170.0,26500.0
Mazda,1590.0,116.0,180.0,9.5,Petrol,5,140.0,16500.0
Mazda,1800.0,135.0,200.0,8.5,Petrol,5,170.0,21000.0
Mazda,1308.0,165.0,230.0,7.5,Petrol,5,230.0,30000.0
Mazda,2000.0,115.0,180.0,12.0,Petrol,5,160.0,20000.0
Mazda,1600.0,100.0,170.0,12.5,Petrol,5,130.0,16000.0
Mazda,2500.0,160.0,210.0,8.0,Petrol,5,220.0,32500.0
Mazda,2000.0,150.0,185.0,10.0,Petrol,5,200.0,24000.0
Mazda,1308.0,200.0,180.0,9.5,Hybrid,5,260.0,42500.0
Mazda,360.0,26.0,90.0,16.2,Petrol,5,45.0,9000.0
Mazda,2000.0,110.0,170.0,12.5,Petrol,5,160.0,19000.0
Mazda,1298.0,85.0,145.0,12.0,Petrol,5,130.0,16500.0
Mazda,657.0,64.0,120.0,15.5,Petrol,5,95.0,11000.0
Mazda,1497.0,92.0,160.0,13.5,Petrol,5,130.0,14500.0
Mazda,1800.0,140.0,190.0,8.5,Petrol,5,160.0,22000.0
Mazda,1598.0,105.0,170.0,10.0,Petrol,5,135.0,15000.0
Mazda,1497.0,95.0,130.0,14.0,Petrol,5,130.0,13500.0
Mazda,1598.0,130.0,190.0,8.5,Petrol,5,140.0,20000.0
Mazda,1798.0,143.0,200.0,7.5,Petrol,5,160.0,32500.0
Mazda,1308.0,200.0,180.0,9.5,Hybrid,5,260.0,42500.0
Mazda,1998.0,120.0,130.0,15.0,Petrol,5,150.0,16500.0
Mazda,1308.0,130.0,150.0,14.5,Petrol,5,160.0,20000.0
Mazda,1308.0,135.0,175.0,12.0,Petrol,5,180.0,27500.0
Mazda,2500.0,200.0,220.0,8.0,Petrol,5,250.0,32500.0
Mazda,2620.0,690.5,320.0,3.5,Petrol,5,500.0,124332.5
